4; 2; 2; dataset\t0.png;1.00022;0
4; 2; 3; dataset\t0.png;1.00034;0
4; 2; 4; dataset\t0.png;1.00036;0
4; 2; 5; dataset\t0.png;1.00041;0
4; 2; 6; dataset\t0.png;1.00045;0
4; 2; 7; dataset\t0.png;1.0003;0
4; 2; 8; dataset\t0.png;1.0001;0
4; 2; 9; dataset\t0.png;1.00022;0
4; 2; 10; dataset\t0.png;1.00024;0
4; 2; 11; dataset\t0.png;1.00011;0
4; 2; 12; dataset\t0.png;1.00011;0
4; 2; 13; dataset\t0.png;1.00008;0
4; 2; 14; dataset\t0.png;1.00022;0
4; 2; 15; dataset\t0.png;1.0004;0
4; 3; 2; dataset\t0.png;1.0005;0
4; 3; 3; dataset\t0.png;1.00061;0
4; 3; 4; dataset\t0.png;1.0006;0
4; 3; 5; dataset\t0.png;1.00065;0
4; 3; 6; dataset\t0.png;1.0007;0
4; 3; 7; dataset\t0.png;1.00057;0
4; 3; 8; dataset\t0.png;1.00036;0
4; 3; 9; dataset\t0.png;1.00047;0
4; 3; 10; dataset\t0.png;1.00053;0
4; 3; 11; dataset\t0.png;1.0004;0
4; 3; 12; dataset\t0.png;1.00038;0
4; 3; 13; dataset\t0.png;1.00033;0
4; 3; 14; dataset\t0.png;1.00049;0
4; 3; 15; dataset\t0.png;1.00065;0
4; 4; 2; dataset\t0.png;1.0005;0
4; 4; 3; dataset\t0.png;1.00059;0
4; 4; 4; dataset\t0.png;1.00058;0
4; 4; 5; dataset\t0.png;1.00063;0
4; 4; 6; dataset\t0.png;1.00066;0
4; 4; 7; dataset\t0.png;1.00054;0
4; 4; 8; dataset\t0.png;1.00034;0
4; 4; 9; dataset\t0.png;1.00049;0
4; 4; 10; dataset\t0.png;1.00054;0
4; 4; 11; dataset\t0.png;1.00039;0
4; 4; 12; dataset\t0.png;1.00039;0
4; 4; 13; dataset\t0.png;1.00033;0
4; 4; 14; dataset\t0.png;1.00047;0
4; 4; 15; dataset\t0.png;1.00063;0
4; 5; 2; dataset\t0.png;1.00039;0
4; 5; 3; dataset\t0.png;1.00048;0
4; 5; 4; dataset\t0.png;1.00048;0
4; 5; 5; dataset\t0.png;1.00056;0
4; 5; 6; dataset\t0.png;1.00054;0
4; 5; 7; dataset\t0.png;1.00046;0
4; 5; 8; dataset\t0.png;1.00029;0
4; 5; 9; dataset\t0.png;1.0004;0
4; 5; 10; dataset\t0.png;1.00044;0
4; 5; 11; dataset\t0.png;1.00031;0
4; 5; 12; dataset\t0.png;1.00031;0
4; 5; 13; dataset\t0.png;1.00025;0
4; 5; 14; dataset\t0.png;1.0004;0
4; 5; 15; dataset\t0.png;1.00057;0
4; 6; 2; dataset\t0.png;1.00052;0
4; 6; 3; dataset\t0.png;1.00062;0
4; 6; 4; dataset\t0.png;1.00061;0
4; 6; 5; dataset\t0.png;1.00069;0
4; 6; 6; dataset\t0.png;1.0007;0
4; 6; 7; dataset\t0.png;1.00061;0
4; 6; 8; dataset\t0.png;1.00042;0
4; 6; 9; dataset\t0.png;1.00053;0
4; 6; 10; dataset\t0.png;1.00058;0
4; 6; 11; dataset\t0.png;1.00044;0
4; 6; 12; dataset\t0.png;1.00042;0
4; 6; 13; dataset\t0.png;1.00037;0
4; 6; 14; dataset\t0.png;1.00052;0
4; 6; 15; dataset\t0.png;1.00067;0
4; 7; 2; dataset\t0.png;1.00057;0
4; 7; 3; dataset\t0.png;1.00071;0
4; 7; 4; dataset\t0.png;1.00071;0
4; 7; 5; dataset\t0.png;1.00077;0
4; 7; 6; dataset\t0.png;1.00076;0
4; 7; 7; dataset\t0.png;1.00066;0
4; 7; 8; dataset\t0.png;1.00046;0
4; 7; 9; dataset\t0.png;1.00056;0
4; 7; 10; dataset\t0.png;1.00063;0
4; 7; 11; dataset\t0.png;1.00048;0
4; 7; 12; dataset\t0.png;1.00046;0
4; 7; 13; dataset\t0.png;1.00043;0
4; 7; 14; dataset\t0.png;1.00058;0
4; 7; 15; dataset\t0.png;1.00075;0
4; 8; 2; dataset\t0.png;1.00061;0
4; 8; 3; dataset\t0.png;1.00073;0
4; 8; 4; dataset\t0.png;1.00074;0
4; 8; 5; dataset\t0.png;1.00079;0
4; 8; 6; dataset\t0.png;1.00079;0
4; 8; 7; dataset\t0.png;1.00068;0
4; 8; 8; dataset\t0.png;1.00048;0
4; 8; 9; dataset\t0.png;1.0006;0
4; 8; 10; dataset\t0.png;1.00066;0
4; 8; 11; dataset\t0.png;1.00053;0
4; 8; 12; dataset\t0.png;1.00051;0
4; 8; 13; dataset\t0.png;1.00047;0
4; 8; 14; dataset\t0.png;1.00062;0
4; 8; 15; dataset\t0.png;1.00079;0
4; 9; 2; dataset\t0.png;1.0006;0
4; 9; 3; dataset\t0.png;1.00075;0
4; 9; 4; dataset\t0.png;1.00072;0
4; 9; 5; dataset\t0.png;1.00079;0
4; 9; 6; dataset\t0.png;1.00078;0
4; 9; 7; dataset\t0.png;1.00065;0
4; 9; 8; dataset\t0.png;1.00046;0
4; 9; 9; dataset\t0.png;1.00058;0
4; 9; 10; dataset\t0.png;1.00066;0
4; 9; 11; dataset\t0.png;1.00051;0
4; 9; 12; dataset\t0.png;1.00051;0
4; 9; 13; dataset\t0.png;1.00045;0
4; 9; 14; dataset\t0.png;1.00062;0
4; 9; 15; dataset\t0.png;1.00079;0
4; 10; 2; dataset\t0.png;1.00066;0
4; 10; 3; dataset\t0.png;1.0008;0
4; 10; 4; dataset\t0.png;1.00081;0
4; 10; 5; dataset\t0.png;1.00084;0
4; 10; 6; dataset\t0.png;1.00083;0
4; 10; 7; dataset\t0.png;1.00071;0
4; 10; 8; dataset\t0.png;1.00052;0
4; 10; 9; dataset\t0.png;1.00062;0
4; 10; 10; dataset\t0.png;1.00072;0
4; 10; 11; dataset\t0.png;1.00057;0
4; 10; 12; dataset\t0.png;1.00057;0
4; 10; 13; dataset\t0.png;1.00055;0
4; 10; 14; dataset\t0.png;1.00067;0
4; 10; 15; dataset\t0.png;1.00086;0
4; 11; 2; dataset\t0.png;1.00056;0
4; 11; 3; dataset\t0.png;1.00069;0
4; 11; 4; dataset\t0.png;1.00072;0
4; 11; 5; dataset\t0.png;1.00073;0
4; 11; 6; dataset\t0.png;1.00074;0
4; 11; 7; dataset\t0.png;1.00058;0
4; 11; 8; dataset\t0.png;1.0004;0
4; 11; 9; dataset\t0.png;1.00052;0
4; 11; 10; dataset\t0.png;1.00061;0
4; 11; 11; dataset\t0.png;1.00046;0
4; 11; 12; dataset\t0.png;1.00046;0
4; 11; 13; dataset\t0.png;1.00042;0
4; 11; 14; dataset\t0.png;1.00059;0
4; 11; 15; dataset\t0.png;1.00076;0
4; 12; 2; dataset\t0.png;1.00053;0
4; 12; 3; dataset\t0.png;1.00066;0
4; 12; 4; dataset\t0.png;1.00067;0
4; 12; 5; dataset\t0.png;1.00069;0
4; 12; 6; dataset\t0.png;1.00071;0
4; 12; 7; dataset\t0.png;1.00059;0
4; 12; 8; dataset\t0.png;1.00041;0
4; 12; 9; dataset\t0.png;1.00052;0
4; 12; 10; dataset\t0.png;1.00061;0
4; 12; 11; dataset\t0.png;1.00044;0
4; 12; 12; dataset\t0.png;1.00045;0
4; 12; 13; dataset\t0.png;1.00038;0
4; 12; 14; dataset\t0.png;1.00056;0
4; 12; 15; dataset\t0.png;1.00072;0
4; 13; 2; dataset\t0.png;1.00076;0
4; 13; 3; dataset\t0.png;1.00086;0
4; 13; 4; dataset\t0.png;1.00088;0
4; 13; 5; dataset\t0.png;1.00088;0
4; 13; 6; dataset\t0.png;1.00089;0
4; 13; 7; dataset\t0.png;1.00077;0
4; 13; 8; dataset\t0.png;1.00058;0
4; 13; 9; dataset\t0.png;1.00071;0
4; 13; 10; dataset\t0.png;1.00079;0
4; 13; 11; dataset\t0.png;1.00064;0
4; 13; 12; dataset\t0.png;1.00064;0
4; 13; 13; dataset\t0.png;1.00059;0
4; 13; 14; dataset\t0.png;1.00072;0
4; 13; 15; dataset\t0.png;1.00089;0
4; 14; 2; dataset\t0.png;1.00088;0
4; 14; 3; dataset\t0.png;1.001;0
4; 14; 4; dataset\t0.png;1.00101;0
4; 14; 5; dataset\t0.png;1.00101;0
4; 14; 6; dataset\t0.png;1.00105;0
4; 14; 7; dataset\t0.png;1.00092;0
4; 14; 8; dataset\t0.png;1.00071;0
4; 14; 9; dataset\t0.png;1.00085;0
4; 14; 10; dataset\t0.png;1.0009;0
4; 14; 11; dataset\t0.png;1.00074;0
4; 14; 12; dataset\t0.png;1.00071;0
4; 14; 13; dataset\t0.png;1.00065;0
4; 14; 14; dataset\t0.png;1.00082;0
4; 14; 15; dataset\t0.png;1.001;0
4; 15; 2; dataset\t0.png;1.00093;0
4; 15; 3; dataset\t0.png;1.00101;0
4; 15; 4; dataset\t0.png;1.00102;0
4; 15; 5; dataset\t0.png;1.00101;0
4; 15; 6; dataset\t0.png;1.00105;0
4; 15; 7; dataset\t0.png;1.00092;0
4; 15; 8; dataset\t0.png;1.00071;0
4; 15; 9; dataset\t0.png;1.00085;0
4; 15; 10; dataset\t0.png;1.00091;0
4; 15; 11; dataset\t0.png;1.00075;0
4; 15; 12; dataset\t0.png;1.00069;0
4; 15; 13; dataset\t0.png;1.0007;0
4; 15; 14; dataset\t0.png;1.00085;0
4; 15; 15; dataset\t0.png;1.00105;0
5; 2; 2; dataset\t0.png;0.999404;0
5; 2; 3; dataset\t0.png;0.998505;0
5; 2; 4; dataset\t0.png;0.999305;0
5; 2; 5; dataset\t0.png;0.999629;0
5; 2; 6; dataset\t0.png;0.999214;0
5; 2; 7; dataset\t0.png;0.999801;0
5; 2; 8; dataset\t0.png;0.998949;0
5; 2; 9; dataset\t0.png;0.999387;0
5; 2; 10; dataset\t0.png;0.999603;0
5; 2; 11; dataset\t0.png;1.00048;0
5; 2; 12; dataset\t0.png;1.00068;0
5; 2; 13; dataset\t0.png;1.00031;0
5; 2; 14; dataset\t0.png;1.00081;0
5; 2; 15; dataset\t0.png;1.0011;0
5; 3; 2; dataset\t0.png;0.999286;0
5; 3; 3; dataset\t0.png;0.998376;0
5; 3; 4; dataset\t0.png;0.999197;0
5; 3; 5; dataset\t0.png;0.999474;0
5; 3; 6; dataset\t0.png;0.999097;0
5; 3; 7; dataset\t0.png;0.999686;0
5; 3; 8; dataset\t0.png;0.998842;0
5; 3; 9; dataset\t0.png;0.999324;0
5; 3; 10; dataset\t0.png;0.999526;0
5; 3; 11; dataset\t0.png;1.00032;0
5; 3; 12; dataset\t0.png;1.00058;0
5; 3; 13; dataset\t0.png;1.00022;0
5; 3; 14; dataset\t0.png;1.00075;0
5; 3; 15; dataset\t0.png;1.00105;0
5; 4; 2; dataset\t0.png;0.999213;0
5; 4; 3; dataset\t0.png;0.998324;0
5; 4; 4; dataset\t0.png;0.999135;0
5; 4; 5; dataset\t0.png;0.99942;0
5; 4; 6; dataset\t0.png;0.999045;0
5; 4; 7; dataset\t0.png;0.999645;0
5; 4; 8; dataset\t0.png;0.998792;0
5; 4; 9; dataset\t0.png;0.999255;0
5; 4; 10; dataset\t0.png;0.999475;0
5; 4; 11; dataset\t0.png;1.00027;0
5; 4; 12; dataset\t0.png;1.00058;0
5; 4; 13; dataset\t0.png;1.00027;0
5; 4; 14; dataset\t0.png;1.00084;0
5; 4; 15; dataset\t0.png;1.00111;0
5; 5; 2; dataset\t0.png;1.00019;0
5; 5; 3; dataset\t0.png;0.99933;0
5; 5; 4; dataset\t0.png;1.00016;0
5; 5; 5; dataset\t0.png;1.00044;0
5; 5; 6; dataset\t0.png;1.00005;0
5; 5; 7; dataset\t0.png;1.00059;0
5; 5; 8; dataset\t0.png;0.999768;0
5; 5; 9; dataset\t0.png;1.00023;0
5; 5; 10; dataset\t0.png;1.00045;0
5; 5; 11; dataset\t0.png;1.00125;0
5; 5; 12; dataset\t0.png;1.00158;0
5; 5; 13; dataset\t0.png;1.00121;0
5; 5; 14; dataset\t0.png;1.00173;0
5; 5; 15; dataset\t0.png;1.00201;0
5; 6; 2; dataset\t0.png;1.00045;0
5; 6; 3; dataset\t0.png;0.999602;0
5; 6; 4; dataset\t0.png;1.00044;0
5; 6; 5; dataset\t0.png;1.0007;0
5; 6; 6; dataset\t0.png;1.00026;0
5; 6; 7; dataset\t0.png;1.00083;0
5; 6; 8; dataset\t0.png;1.00001;0
5; 6; 9; dataset\t0.png;1.00049;0
5; 6; 10; dataset\t0.png;1.00067;0
5; 6; 11; dataset\t0.png;1.00149;0
5; 6; 12; dataset\t0.png;1.0018;0
5; 6; 13; dataset\t0.png;1.00143;0
5; 6; 14; dataset\t0.png;1.00195;0
5; 6; 15; dataset\t0.png;1.00224;0
5; 7; 2; dataset\t0.png;1.00081;0
5; 7; 3; dataset\t0.png;1.00004;0
5; 7; 4; dataset\t0.png;1.00086;0
5; 7; 5; dataset\t0.png;1.00111;0
5; 7; 6; dataset\t0.png;1.0007;0
5; 7; 7; dataset\t0.png;1.00125;0
5; 7; 8; dataset\t0.png;1.00042;0
5; 7; 9; dataset\t0.png;1.00088;0
5; 7; 10; dataset\t0.png;1.00109;0
5; 7; 11; dataset\t0.png;1.00192;0
5; 7; 12; dataset\t0.png;1.00223;0
5; 7; 13; dataset\t0.png;1.00183;0
5; 7; 14; dataset\t0.png;1.00238;0
5; 7; 15; dataset\t0.png;1.00267;0
5; 8; 2; dataset\t0.png;1.00021;0
5; 8; 3; dataset\t0.png;0.999486;0
5; 8; 4; dataset\t0.png;1.00027;0
5; 8; 5; dataset\t0.png;1.00056;0
5; 8; 6; dataset\t0.png;1.00011;0
5; 8; 7; dataset\t0.png;1.00067;0
5; 8; 8; dataset\t0.png;0.999746;0
5; 8; 9; dataset\t0.png;1.00023;0
5; 8; 10; dataset\t0.png;1.00042;0
5; 8; 11; dataset\t0.png;1.00125;0
5; 8; 12; dataset\t0.png;1.00152;0
5; 8; 13; dataset\t0.png;1.00112;0
5; 8; 14; dataset\t0.png;1.00169;0
5; 8; 15; dataset\t0.png;1.00204;0
5; 9; 2; dataset\t0.png;1.00052;0
5; 9; 3; dataset\t0.png;0.99981;0
5; 9; 4; dataset\t0.png;1.0006;0
5; 9; 5; dataset\t0.png;1.00086;0
5; 9; 6; dataset\t0.png;1.00047;0
5; 9; 7; dataset\t0.png;1.00103;0
5; 9; 8; dataset\t0.png;1.00008;0
5; 9; 9; dataset\t0.png;1.00049;0
5; 9; 10; dataset\t0.png;1.00064;0
5; 9; 11; dataset\t0.png;1.00144;0
5; 9; 12; dataset\t0.png;1.00175;0
5; 9; 13; dataset\t0.png;1.00135;0
5; 9; 14; dataset\t0.png;1.00194;0
5; 9; 15; dataset\t0.png;1.00228;0
5; 10; 2; dataset\t0.png;1.0001;0
5; 10; 3; dataset\t0.png;0.999342;0
5; 10; 4; dataset\t0.png;1.00012;0
5; 10; 5; dataset\t0.png;1.00037;0
5; 10; 6; dataset\t0.png;0.999949;0
5; 10; 7; dataset\t0.png;1.00047;0
5; 10; 8; dataset\t0.png;0.999617;0
5; 10; 9; dataset\t0.png;1.00012;0
5; 10; 10; dataset\t0.png;1.00031;0
5; 10; 11; dataset\t0.png;1.00112;0
5; 10; 12; dataset\t0.png;1.00145;0
5; 10; 13; dataset\t0.png;1.00105;0
5; 10; 14; dataset\t0.png;1.00162;0
5; 10; 15; dataset\t0.png;1.00196;0
5; 11; 2; dataset\t0.png;0.999896;0
5; 11; 3; dataset\t0.png;0.999158;0
5; 11; 4; dataset\t0.png;0.999945;0
5; 11; 5; dataset\t0.png;1.00022;0
5; 11; 6; dataset\t0.png;0.999807;0
5; 11; 7; dataset\t0.png;1.00027;0
5; 11; 8; dataset\t0.png;0.999424;0
5; 11; 9; dataset\t0.png;0.999979;0
5; 11; 10; dataset\t0.png;1.00016;0
5; 11; 11; dataset\t0.png;1.00098;0
5; 11; 12; dataset\t0.png;1.00132;0
5; 11; 13; dataset\t0.png;1.0009;0
5; 11; 14; dataset\t0.png;1.00145;0
5; 11; 15; dataset\t0.png;1.00173;0
5; 12; 2; dataset\t0.png;0.999951;0
5; 12; 3; dataset\t0.png;0.999244;0
5; 12; 4; dataset\t0.png;1.00005;0
5; 12; 5; dataset\t0.png;1.00034;0
5; 12; 6; dataset\t0.png;0.999922;0
5; 12; 7; dataset\t0.png;1.00034;0
5; 12; 8; dataset\t0.png;0.999563;0
5; 12; 9; dataset\t0.png;1.00016;0
5; 12; 10; dataset\t0.png;1.00035;0
5; 12; 11; dataset\t0.png;1.00118;0
5; 12; 12; dataset\t0.png;1.00146;0
5; 12; 13; dataset\t0.png;1.00109;0
5; 12; 14; dataset\t0.png;1.00159;0
5; 12; 15; dataset\t0.png;1.0019;0
5; 13; 2; dataset\t0.png;1.00074;0
5; 13; 3; dataset\t0.png;1.00003;0
5; 13; 4; dataset\t0.png;1.00084;0
5; 13; 5; dataset\t0.png;1.00114;0
5; 13; 6; dataset\t0.png;1.00074;0
5; 13; 7; dataset\t0.png;1.00116;0
5; 13; 8; dataset\t0.png;1.00038;0
5; 13; 9; dataset\t0.png;1.001;0
5; 13; 10; dataset\t0.png;1.00119;0
5; 13; 11; dataset\t0.png;1.00204;0
5; 13; 12; dataset\t0.png;1.00232;0
5; 13; 13; dataset\t0.png;1.00195;0
5; 13; 14; dataset\t0.png;1.00242;0
5; 13; 15; dataset\t0.png;1.00273;0
5; 14; 2; dataset\t0.png;1.00096;0
5; 14; 3; dataset\t0.png;1.0002;0
5; 14; 4; dataset\t0.png;1.00099;0
5; 14; 5; dataset\t0.png;1.00128;0
5; 14; 6; dataset\t0.png;1.00091;0
5; 14; 7; dataset\t0.png;1.00134;0
5; 14; 8; dataset\t0.png;1.00054;0
5; 14; 9; dataset\t0.png;1.00116;0
5; 14; 10; dataset\t0.png;1.00132;0
5; 14; 11; dataset\t0.png;1.0021;0
5; 14; 12; dataset\t0.png;1.00239;0
5; 14; 13; dataset\t0.png;1.00202;0
5; 14; 14; dataset\t0.png;1.00249;0
5; 14; 15; dataset\t0.png;1.00285;0
5; 15; 2; dataset\t0.png;1.00061;0
5; 15; 3; dataset\t0.png;0.999836;0
5; 15; 4; dataset\t0.png;1.00059;0
5; 15; 5; dataset\t0.png;1.00086;0
5; 15; 6; dataset\t0.png;1.00052;0
5; 15; 7; dataset\t0.png;1.00101;0
5; 15; 8; dataset\t0.png;1.00016;0
5; 15; 9; dataset\t0.png;1.00073;0
5; 15; 10; dataset\t0.png;1.00088;0
5; 15; 11; dataset\t0.png;1.00166;0
5; 15; 12; dataset\t0.png;1.00195;0
5; 15; 13; dataset\t0.png;1.00158;0
5; 15; 14; dataset\t0.png;1.00205;0
5; 15; 15; dataset\t0.png;1.0024;0
6; 2; 2; dataset\t0.png;0.999288;0
6; 2; 3; dataset\t0.png;0.999078;0
6; 2; 4; dataset\t0.png;0.999357;0
6; 2; 5; dataset\t0.png;0.999375;0
6; 2; 6; dataset\t0.png;0.999302;0
6; 2; 7; dataset\t0.png;0.999771;0
6; 2; 8; dataset\t0.png;0.999666;0
6; 2; 9; dataset\t0.png;0.999722;0
6; 2; 10; dataset\t0.png;1.00019;0
6; 2; 11; dataset\t0.png;1.00055;0
6; 2; 12; dataset\t0.png;1.00061;0
6; 2; 13; dataset\t0.png;1.00068;0
6; 2; 14; dataset\t0.png;1.00081;0
6; 2; 15; dataset\t0.png;1.001;0
6; 3; 2; dataset\t0.png;0.999282;0
6; 3; 3; dataset\t0.png;0.999119;0
6; 3; 4; dataset\t0.png;0.999431;0
6; 3; 5; dataset\t0.png;0.999424;0
6; 3; 6; dataset\t0.png;0.999394;0
6; 3; 7; dataset\t0.png;0.999824;0
6; 3; 8; dataset\t0.png;0.999703;0
6; 3; 9; dataset\t0.png;0.999796;0
6; 3; 10; dataset\t0.png;1.00026;0
6; 3; 11; dataset\t0.png;1.00058;0
6; 3; 12; dataset\t0.png;1.00067;0
6; 3; 13; dataset\t0.png;1.00076;0
6; 3; 14; dataset\t0.png;1.00087;0
6; 3; 15; dataset\t0.png;1.00111;0
6; 4; 2; dataset\t0.png;0.999157;0
6; 4; 3; dataset\t0.png;0.99895;0
6; 4; 4; dataset\t0.png;0.99932;0
6; 4; 5; dataset\t0.png;0.999295;0
6; 4; 6; dataset\t0.png;0.999238;0
6; 4; 7; dataset\t0.png;0.999718;0
6; 4; 8; dataset\t0.png;0.999602;0
6; 4; 9; dataset\t0.png;0.999656;0
6; 4; 10; dataset\t0.png;1.00006;0
6; 4; 11; dataset\t0.png;1.00041;0
6; 4; 12; dataset\t0.png;1.00051;0
6; 4; 13; dataset\t0.png;1.0006;0
6; 4; 14; dataset\t0.png;1.00073;0
6; 4; 15; dataset\t0.png;1.00098;0
6; 5; 2; dataset\t0.png;0.998926;0
6; 5; 3; dataset\t0.png;0.998749;0
6; 5; 4; dataset\t0.png;0.999033;0
6; 5; 5; dataset\t0.png;0.999052;0
6; 5; 6; dataset\t0.png;0.998996;0
6; 5; 7; dataset\t0.png;0.999433;0
6; 5; 8; dataset\t0.png;0.999339;0
6; 5; 9; dataset\t0.png;0.999351;0
6; 5; 10; dataset\t0.png;0.999818;0
6; 5; 11; dataset\t0.png;1.00021;0
6; 5; 12; dataset\t0.png;1.00028;0
6; 5; 13; dataset\t0.png;1.00036;0
6; 5; 14; dataset\t0.png;1.00052;0
6; 5; 15; dataset\t0.png;1.00069;0
6; 6; 2; dataset\t0.png;0.998927;0
6; 6; 3; dataset\t0.png;0.998727;0
6; 6; 4; dataset\t0.png;0.999086;0
6; 6; 5; dataset\t0.png;0.999074;0
6; 6; 6; dataset\t0.png;0.999041;0
6; 6; 7; dataset\t0.png;0.999505;0
6; 6; 8; dataset\t0.png;0.999362;0
6; 6; 9; dataset\t0.png;0.999368;0
6; 6; 10; dataset\t0.png;0.99985;0
6; 6; 11; dataset\t0.png;1.00017;0
6; 6; 12; dataset\t0.png;1.00025;0
6; 6; 13; dataset\t0.png;1.0004;0
6; 6; 14; dataset\t0.png;1.00051;0
6; 6; 15; dataset\t0.png;1.00069;0
6; 7; 2; dataset\t0.png;0.999391;0
6; 7; 3; dataset\t0.png;0.999196;0
6; 7; 4; dataset\t0.png;0.99959;0
6; 7; 5; dataset\t0.png;0.99957;0
6; 7; 6; dataset\t0.png;0.999505;0
6; 7; 7; dataset\t0.png;1;0
6; 7; 8; dataset\t0.png;0.999821;0
6; 7; 9; dataset\t0.png;0.999901;0
6; 7; 10; dataset\t0.png;1.00041;0
6; 7; 11; dataset\t0.png;1.0007;0
6; 7; 12; dataset\t0.png;1.00082;0
6; 7; 13; dataset\t0.png;1.00088;0
6; 7; 14; dataset\t0.png;1.00098;0
6; 7; 15; dataset\t0.png;1.0012;0
6; 8; 2; dataset\t0.png;0.999336;0
6; 8; 3; dataset\t0.png;0.999151;0
6; 8; 4; dataset\t0.png;0.999541;0
6; 8; 5; dataset\t0.png;0.999497;0
6; 8; 6; dataset\t0.png;0.999497;0
6; 8; 7; dataset\t0.png;0.99993;0
6; 8; 8; dataset\t0.png;0.999854;0
6; 8; 9; dataset\t0.png;0.999857;0
6; 8; 10; dataset\t0.png;1.00033;0
6; 8; 11; dataset\t0.png;1.00064;0
6; 8; 12; dataset\t0.png;1.00076;0
6; 8; 13; dataset\t0.png;1.00086;0
6; 8; 14; dataset\t0.png;1.00097;0
6; 8; 15; dataset\t0.png;1.00115;0
6; 9; 2; dataset\t0.png;0.999387;0
6; 9; 3; dataset\t0.png;0.999226;0
6; 9; 4; dataset\t0.png;0.999593;0
6; 9; 5; dataset\t0.png;0.999556;0
6; 9; 6; dataset\t0.png;0.999493;0
6; 9; 7; dataset\t0.png;0.999955;0
6; 9; 8; dataset\t0.png;0.999866;0
6; 9; 9; dataset\t0.png;0.999934;0
6; 9; 10; dataset\t0.png;1.00033;0
6; 9; 11; dataset\t0.png;1.00068;0
6; 9; 12; dataset\t0.png;1.00075;0
6; 9; 13; dataset\t0.png;1.00087;0
6; 9; 14; dataset\t0.png;1.00097;0
6; 9; 15; dataset\t0.png;1.00116;0
6; 10; 2; dataset\t0.png;0.999458;0
6; 10; 3; dataset\t0.png;0.999245;0
6; 10; 4; dataset\t0.png;0.999589;0
6; 10; 5; dataset\t0.png;0.999578;0
6; 10; 6; dataset\t0.png;0.999549;0
6; 10; 7; dataset\t0.png;1.00002;0
6; 10; 8; dataset\t0.png;0.999899;0
6; 10; 9; dataset\t0.png;0.999953;0
6; 10; 10; dataset\t0.png;1.0004;0
6; 10; 11; dataset\t0.png;1.00072;0
6; 10; 12; dataset\t0.png;1.00082;0
6; 10; 13; dataset\t0.png;1.0009;0
6; 10; 14; dataset\t0.png;1.00103;0
6; 10; 15; dataset\t0.png;1.00123;0
6; 11; 2; dataset\t0.png;0.999553;0
6; 11; 3; dataset\t0.png;0.999364;0
6; 11; 4; dataset\t0.png;0.999717;0
6; 11; 5; dataset\t0.png;0.999724;0
6; 11; 6; dataset\t0.png;0.999645;0
6; 11; 7; dataset\t0.png;1.00015;0
6; 11; 8; dataset\t0.png;0.999992;0
6; 11; 9; dataset\t0.png;1.00008;0
6; 11; 10; dataset\t0.png;1.00053;0
6; 11; 11; dataset\t0.png;1.00084;0
6; 11; 12; dataset\t0.png;1.00095;0
6; 11; 13; dataset\t0.png;1.00106;0
6; 11; 14; dataset\t0.png;1.00114;0
6; 11; 15; dataset\t0.png;1.00134;0
6; 12; 2; dataset\t0.png;0.999897;0
6; 12; 3; dataset\t0.png;0.999697;0
6; 12; 4; dataset\t0.png;1.00005;0
6; 12; 5; dataset\t0.png;1.00003;0
6; 12; 6; dataset\t0.png;1.00001;0
6; 12; 7; dataset\t0.png;1.00045;0
6; 12; 8; dataset\t0.png;1.00031;0
6; 12; 9; dataset\t0.png;1.00045;0
6; 12; 10; dataset\t0.png;1.00087;0
6; 12; 11; dataset\t0.png;1.00122;0
6; 12; 12; dataset\t0.png;1.00131;0
6; 12; 13; dataset\t0.png;1.00138;0
6; 12; 14; dataset\t0.png;1.00148;0
6; 12; 15; dataset\t0.png;1.00166;0
6; 13; 2; dataset\t0.png;0.999464;0
6; 13; 3; dataset\t0.png;0.999274;0
6; 13; 4; dataset\t0.png;0.999633;0
6; 13; 5; dataset\t0.png;0.99959;0
6; 13; 6; dataset\t0.png;0.999589;0
6; 13; 7; dataset\t0.png;1.00003;0
6; 13; 8; dataset\t0.png;0.999939;0
6; 13; 9; dataset\t0.png;0.999952;0
6; 13; 10; dataset\t0.png;1.00047;0
6; 13; 11; dataset\t0.png;1.00078;0
6; 13; 12; dataset\t0.png;1.00083;0
6; 13; 13; dataset\t0.png;1.00097;0
6; 13; 14; dataset\t0.png;1.00104;0
6; 13; 15; dataset\t0.png;1.00122;0
6; 14; 2; dataset\t0.png;0.999233;0
6; 14; 3; dataset\t0.png;0.999029;0
6; 14; 4; dataset\t0.png;0.99935;0
6; 14; 5; dataset\t0.png;0.999356;0
6; 14; 6; dataset\t0.png;0.99935;0
6; 14; 7; dataset\t0.png;0.999771;0
6; 14; 8; dataset\t0.png;0.999621;0
6; 14; 9; dataset\t0.png;0.999674;0
6; 14; 10; dataset\t0.png;1.00014;0
6; 14; 11; dataset\t0.png;1.00043;0
6; 14; 12; dataset\t0.png;1.00054;0
6; 14; 13; dataset\t0.png;1.0006;0
6; 14; 14; dataset\t0.png;1.0007;0
6; 14; 15; dataset\t0.png;1.00085;0
6; 15; 2; dataset\t0.png;0.999273;0
6; 15; 3; dataset\t0.png;0.999074;0
6; 15; 4; dataset\t0.png;0.999413;0
6; 15; 5; dataset\t0.png;0.999388;0
6; 15; 6; dataset\t0.png;0.999366;0
6; 15; 7; dataset\t0.png;0.9998;0
6; 15; 8; dataset\t0.png;0.999661;0
6; 15; 9; dataset\t0.png;0.99963;0
6; 15; 10; dataset\t0.png;1.00012;0
6; 15; 11; dataset\t0.png;1.00047;0
6; 15; 12; dataset\t0.png;1.00056;0
6; 15; 13; dataset\t0.png;1.00058;0
6; 15; 14; dataset\t0.png;1.00067;0
6; 15; 15; dataset\t0.png;1.00085;0
7; 2; 2; dataset\t0.png;0.999857;0
7; 2; 3; dataset\t0.png;0.99976;0
7; 2; 4; dataset\t0.png;0.999872;0
7; 2; 5; dataset\t0.png;0.999945;0
7; 2; 6; dataset\t0.png;1.00012;0
7; 2; 7; dataset\t0.png;1.00005;0
7; 2; 8; dataset\t0.png;1;0
7; 2; 9; dataset\t0.png;1.00041;0
7; 2; 10; dataset\t0.png;1.00039;0
7; 2; 11; dataset\t0.png;1.00062;0
7; 2; 12; dataset\t0.png;1.00066;0
7; 2; 13; dataset\t0.png;1.00029;0
7; 2; 14; dataset\t0.png;1.0007;0
7; 2; 15; dataset\t0.png;1.00079;0
7; 3; 2; dataset\t0.png;0.999824;0
7; 3; 3; dataset\t0.png;0.999703;0
7; 3; 4; dataset\t0.png;0.999807;0
7; 3; 5; dataset\t0.png;0.999923;0
7; 3; 6; dataset\t0.png;1.00005;0
7; 3; 7; dataset\t0.png;1.00004;0
7; 3; 8; dataset\t0.png;1.00001;0
7; 3; 9; dataset\t0.png;1.00038;0
7; 3; 10; dataset\t0.png;1.00035;0
7; 3; 11; dataset\t0.png;1.00058;0
7; 3; 12; dataset\t0.png;1.00056;0
7; 3; 13; dataset\t0.png;1.00025;0
7; 3; 14; dataset\t0.png;1.00068;0
7; 3; 15; dataset\t0.png;1.00077;0
7; 4; 2; dataset\t0.png;0.999749;0
7; 4; 3; dataset\t0.png;0.999645;0
7; 4; 4; dataset\t0.png;0.999734;0
7; 4; 5; dataset\t0.png;0.99984;0
7; 4; 6; dataset\t0.png;0.999995;0
7; 4; 7; dataset\t0.png;0.999916;0
7; 4; 8; dataset\t0.png;0.999904;0
7; 4; 9; dataset\t0.png;1.0003;0
7; 4; 10; dataset\t0.png;1.00028;0
7; 4; 11; dataset\t0.png;1.00051;0
7; 4; 12; dataset\t0.png;1.00055;0
7; 4; 13; dataset\t0.png;1.00024;0
7; 4; 14; dataset\t0.png;1.00066;0
7; 4; 15; dataset\t0.png;1.00076;0
7; 5; 2; dataset\t0.png;0.999797;0
7; 5; 3; dataset\t0.png;0.999695;0
7; 5; 4; dataset\t0.png;0.99981;0
7; 5; 5; dataset\t0.png;0.999942;0
7; 5; 6; dataset\t0.png;1.00003;0
7; 5; 7; dataset\t0.png;0.999952;0
7; 5; 8; dataset\t0.png;0.999935;0
7; 5; 9; dataset\t0.png;1.00038;0
7; 5; 10; dataset\t0.png;1.00034;0
7; 5; 11; dataset\t0.png;1.00057;0
7; 5; 12; dataset\t0.png;1.00058;0
7; 5; 13; dataset\t0.png;1.0003;0
7; 5; 14; dataset\t0.png;1.00073;0
7; 5; 15; dataset\t0.png;1.00079;0
7; 6; 2; dataset\t0.png;0.999754;0
7; 6; 3; dataset\t0.png;0.999681;0
7; 6; 4; dataset\t0.png;0.999798;0
7; 6; 5; dataset\t0.png;0.999923;0
7; 6; 6; dataset\t0.png;1.00005;0
7; 6; 7; dataset\t0.png;0.999976;0
7; 6; 8; dataset\t0.png;0.999998;0
7; 6; 9; dataset\t0.png;1.00038;0
7; 6; 10; dataset\t0.png;1.00031;0
7; 6; 11; dataset\t0.png;1.0006;0
7; 6; 12; dataset\t0.png;1.0006;0
7; 6; 13; dataset\t0.png;1.00031;0
7; 6; 14; dataset\t0.png;1.00073;0
7; 6; 15; dataset\t0.png;1.00082;0
7; 7; 2; dataset\t0.png;0.999633;0
7; 7; 3; dataset\t0.png;0.999639;0
7; 7; 4; dataset\t0.png;0.999778;0
7; 7; 5; dataset\t0.png;0.999873;0
7; 7; 6; dataset\t0.png;1.00003;0
7; 7; 7; dataset\t0.png;0.999924;0
7; 7; 8; dataset\t0.png;0.999939;0
7; 7; 9; dataset\t0.png;1.00032;0
7; 7; 10; dataset\t0.png;1.00029;0
7; 7; 11; dataset\t0.png;1.00051;0
7; 7; 12; dataset\t0.png;1.00057;0
7; 7; 13; dataset\t0.png;1.00025;0
7; 7; 14; dataset\t0.png;1.00068;0
7; 7; 15; dataset\t0.png;1.00077;0
7; 8; 2; dataset\t0.png;0.999833;0
7; 8; 3; dataset\t0.png;0.999803;0
7; 8; 4; dataset\t0.png;0.99992;0
7; 8; 5; dataset\t0.png;1.00002;0
7; 8; 6; dataset\t0.png;1.00016;0
7; 8; 7; dataset\t0.png;1.0001;0
7; 8; 8; dataset\t0.png;1.0001;0
7; 8; 9; dataset\t0.png;1.00052;0
7; 8; 10; dataset\t0.png;1.00046;0
7; 8; 11; dataset\t0.png;1.00069;0
7; 8; 12; dataset\t0.png;1.00076;0
7; 8; 13; dataset\t0.png;1.00043;0
7; 8; 14; dataset\t0.png;1.00088;0
7; 8; 15; dataset\t0.png;1.00091;0
7; 9; 2; dataset\t0.png;1.00005;0
7; 9; 3; dataset\t0.png;0.999985;0
7; 9; 4; dataset\t0.png;1.00014;0
7; 9; 5; dataset\t0.png;1.00022;0
7; 9; 6; dataset\t0.png;1.00035;0
7; 9; 7; dataset\t0.png;1.0003;0
7; 9; 8; dataset\t0.png;1.00032;0
7; 9; 9; dataset\t0.png;1.00072;0
7; 9; 10; dataset\t0.png;1.00068;0
7; 9; 11; dataset\t0.png;1.00092;0
7; 9; 12; dataset\t0.png;1.00094;0
7; 9; 13; dataset\t0.png;1.00064;0
7; 9; 14; dataset\t0.png;1.00108;0
7; 9; 15; dataset\t0.png;1.00116;0
7; 10; 2; dataset\t0.png;0.999954;0
7; 10; 3; dataset\t0.png;0.999954;0
7; 10; 4; dataset\t0.png;1.00008;0
7; 10; 5; dataset\t0.png;1.00016;0
7; 10; 6; dataset\t0.png;1.00025;0
7; 10; 7; dataset\t0.png;1.00022;0
7; 10; 8; dataset\t0.png;1.00021;0
7; 10; 9; dataset\t0.png;1.00065;0
7; 10; 10; dataset\t0.png;1.00061;0
7; 10; 11; dataset\t0.png;1.00083;0
7; 10; 12; dataset\t0.png;1.00089;0
7; 10; 13; dataset\t0.png;1.00056;0
7; 10; 14; dataset\t0.png;1.001;0
7; 10; 15; dataset\t0.png;1.00109;0
7; 11; 2; dataset\t0.png;1;0
7; 11; 3; dataset\t0.png;0.999923;0
7; 11; 4; dataset\t0.png;1.00006;0
7; 11; 5; dataset\t0.png;1.00018;0
7; 11; 6; dataset\t0.png;1.00026;0
7; 11; 7; dataset\t0.png;1.00022;0
7; 11; 8; dataset\t0.png;1.00024;0
7; 11; 9; dataset\t0.png;1.00064;0
7; 11; 10; dataset\t0.png;1.00059;0
7; 11; 11; dataset\t0.png;1.00084;0
7; 11; 12; dataset\t0.png;1.00084;0
7; 11; 13; dataset\t0.png;1.00055;0
7; 11; 14; dataset\t0.png;1.00098;0
7; 11; 15; dataset\t0.png;1.00108;0
7; 12; 2; dataset\t0.png;0.999733;0
7; 12; 3; dataset\t0.png;0.999642;0
7; 12; 4; dataset\t0.png;0.999777;0
7; 12; 5; dataset\t0.png;0.999918;0
7; 12; 6; dataset\t0.png;0.999984;0
7; 12; 7; dataset\t0.png;0.999971;0
7; 12; 8; dataset\t0.png;0.999977;0
7; 12; 9; dataset\t0.png;1.00035;0
7; 12; 10; dataset\t0.png;1.00031;0
7; 12; 11; dataset\t0.png;1.00054;0
7; 12; 12; dataset\t0.png;1.00057;0
7; 12; 13; dataset\t0.png;1.00027;0
7; 12; 14; dataset\t0.png;1.0007;0
7; 12; 15; dataset\t0.png;1.00076;0
7; 13; 2; dataset\t0.png;0.999716;0
7; 13; 3; dataset\t0.png;0.999637;0
7; 13; 4; dataset\t0.png;0.999785;0
7; 13; 5; dataset\t0.png;0.99989;0
7; 13; 6; dataset\t0.png;0.999984;0
7; 13; 7; dataset\t0.png;0.999938;0
7; 13; 8; dataset\t0.png;0.999924;0
7; 13; 9; dataset\t0.png;1.00034;0
7; 13; 10; dataset\t0.png;1.00028;0
7; 13; 11; dataset\t0.png;1.00051;0
7; 13; 12; dataset\t0.png;1.00054;0
7; 13; 13; dataset\t0.png;1.00023;0
7; 13; 14; dataset\t0.png;1.00065;0
7; 13; 15; dataset\t0.png;1.00077;0
7; 14; 2; dataset\t0.png;0.999714;0
7; 14; 3; dataset\t0.png;0.999684;0
7; 14; 4; dataset\t0.png;0.999808;0
7; 14; 5; dataset\t0.png;0.999938;0
7; 14; 6; dataset\t0.png;1.00002;0
7; 14; 7; dataset\t0.png;0.999996;0
7; 14; 8; dataset\t0.png;0.999972;0
7; 14; 9; dataset\t0.png;1.00035;0
7; 14; 10; dataset\t0.png;1.00033;0
7; 14; 11; dataset\t0.png;1.00054;0
7; 14; 12; dataset\t0.png;1.00057;0
7; 14; 13; dataset\t0.png;1.00024;0
7; 14; 14; dataset\t0.png;1.00068;0
7; 14; 15; dataset\t0.png;1.00076;0
7; 15; 2; dataset\t0.png;0.999715;0
7; 15; 3; dataset\t0.png;0.999717;0
7; 15; 4; dataset\t0.png;0.999813;0
7; 15; 5; dataset\t0.png;0.999945;0
7; 15; 6; dataset\t0.png;1.00001;0
7; 15; 7; dataset\t0.png;0.999985;0
7; 15; 8; dataset\t0.png;0.999989;0
7; 15; 9; dataset\t0.png;1.00034;0
7; 15; 10; dataset\t0.png;1.0003;0
7; 15; 11; dataset\t0.png;1.00054;0
7; 15; 12; dataset\t0.png;1.00056;0
7; 15; 13; dataset\t0.png;1.00029;0
7; 15; 14; dataset\t0.png;1.00067;0
7; 15; 15; dataset\t0.png;1.00075;0
8; 2; 2; dataset\t0.png;1.00001;0
8; 2; 3; dataset\t0.png;0.999994;0
8; 2; 4; dataset\t0.png;0.999979;0
8; 2; 5; dataset\t0.png;1.00036;0
8; 2; 6; dataset\t0.png;1.00047;0
8; 2; 7; dataset\t0.png;1.00052;0
8; 2; 8; dataset\t0.png;0.999981;0
8; 2; 9; dataset\t0.png;1.00041;0
8; 2; 10; dataset\t0.png;1.00067;0
8; 2; 11; dataset\t0.png;1.00089;0
8; 2; 12; dataset\t0.png;1.00082;0
8; 2; 13; dataset\t0.png;1.0008;0
8; 2; 14; dataset\t0.png;1.001;0
8; 2; 15; dataset\t0.png;1.00145;0
8; 3; 2; dataset\t0.png;1.0002;0
8; 3; 3; dataset\t0.png;1.0002;0
8; 3; 4; dataset\t0.png;1.00016;0
8; 3; 5; dataset\t0.png;1.00054;0
8; 3; 6; dataset\t0.png;1.00067;0
8; 3; 7; dataset\t0.png;1.00071;0
8; 3; 8; dataset\t0.png;1.00019;0
8; 3; 9; dataset\t0.png;1.00059;0
8; 3; 10; dataset\t0.png;1.00083;0
8; 3; 11; dataset\t0.png;1.00105;0
8; 3; 12; dataset\t0.png;1.00108;0
8; 3; 13; dataset\t0.png;1.00101;0
8; 3; 14; dataset\t0.png;1.00122;0
8; 3; 15; dataset\t0.png;1.00163;0
8; 4; 2; dataset\t0.png;1.00003;0
8; 4; 3; dataset\t0.png;1.00004;0
8; 4; 4; dataset\t0.png;1.00001;0
8; 4; 5; dataset\t0.png;1.00035;0
8; 4; 6; dataset\t0.png;1.00048;0
8; 4; 7; dataset\t0.png;1.00054;0
8; 4; 8; dataset\t0.png;1.00002;0
8; 4; 9; dataset\t0.png;1.00042;0
8; 4; 10; dataset\t0.png;1.00067;0
8; 4; 11; dataset\t0.png;1.00096;0
8; 4; 12; dataset\t0.png;1.00095;0
8; 4; 13; dataset\t0.png;1.00088;0
8; 4; 14; dataset\t0.png;1.0011;0
8; 4; 15; dataset\t0.png;1.00152;0
8; 5; 2; dataset\t0.png;0.999887;0
8; 5; 3; dataset\t0.png;0.999881;0
8; 5; 4; dataset\t0.png;0.999869;0
8; 5; 5; dataset\t0.png;1.00028;0
8; 5; 6; dataset\t0.png;1.00033;0
8; 5; 7; dataset\t0.png;1.00045;0
8; 5; 8; dataset\t0.png;0.999946;0
8; 5; 9; dataset\t0.png;1.00031;0
8; 5; 10; dataset\t0.png;1.00057;0
8; 5; 11; dataset\t0.png;1.00081;0
8; 5; 12; dataset\t0.png;1.00081;0
8; 5; 13; dataset\t0.png;1.00073;0
8; 5; 14; dataset\t0.png;1.00101;0
8; 5; 15; dataset\t0.png;1.00146;0
8; 6; 2; dataset\t0.png;1.00005;0
8; 6; 3; dataset\t0.png;1.00005;0
8; 6; 4; dataset\t0.png;1.00003;0
8; 6; 5; dataset\t0.png;1.00039;0
8; 6; 6; dataset\t0.png;1.00048;0
8; 6; 7; dataset\t0.png;1.00058;0
8; 6; 8; dataset\t0.png;1.00008;0
8; 6; 9; dataset\t0.png;1.00046;0
8; 6; 10; dataset\t0.png;1.00068;0
8; 6; 11; dataset\t0.png;1.00093;0
8; 6; 12; dataset\t0.png;1.00094;0
8; 6; 13; dataset\t0.png;1.0009;0
8; 6; 14; dataset\t0.png;1.00109;0
8; 6; 15; dataset\t0.png;1.00156;0
8; 7; 2; dataset\t0.png;1.00013;0
8; 7; 3; dataset\t0.png;1.0002;0
8; 7; 4; dataset\t0.png;1.00022;0
8; 7; 5; dataset\t0.png;1.00061;0
8; 7; 6; dataset\t0.png;1.0007;0
8; 7; 7; dataset\t0.png;1.00075;0
8; 7; 8; dataset\t0.png;1.00026;0
8; 7; 9; dataset\t0.png;1.0006;0
8; 7; 10; dataset\t0.png;1.00088;0
8; 7; 11; dataset\t0.png;1.00113;0
8; 7; 12; dataset\t0.png;1.00113;0
8; 7; 13; dataset\t0.png;1.00107;0
8; 7; 14; dataset\t0.png;1.00124;0
8; 7; 15; dataset\t0.png;1.00166;0
8; 8; 2; dataset\t0.png;0.999942;0
8; 8; 3; dataset\t0.png;0.999981;0
8; 8; 4; dataset\t0.png;1.00003;0
8; 8; 5; dataset\t0.png;1.0004;0
8; 8; 6; dataset\t0.png;1.00048;0
8; 8; 7; dataset\t0.png;1.00055;0
8; 8; 8; dataset\t0.png;0.999973;0
8; 8; 9; dataset\t0.png;1.00039;0
8; 8; 10; dataset\t0.png;1.00065;0
8; 8; 11; dataset\t0.png;1.00088;0
8; 8; 12; dataset\t0.png;1.00087;0
8; 8; 13; dataset\t0.png;1.00079;0
8; 8; 14; dataset\t0.png;1.001;0
8; 8; 15; dataset\t0.png;1.00139;0
8; 9; 2; dataset\t0.png;1.00006;0
8; 9; 3; dataset\t0.png;1.00015;0
8; 9; 4; dataset\t0.png;1.00013;0
8; 9; 5; dataset\t0.png;1.00049;0
8; 9; 6; dataset\t0.png;1.00057;0
8; 9; 7; dataset\t0.png;1.00065;0
8; 9; 8; dataset\t0.png;1.00013;0
8; 9; 9; dataset\t0.png;1.00051;0
8; 9; 10; dataset\t0.png;1.00074;0
8; 9; 11; dataset\t0.png;1.00103;0
8; 9; 12; dataset\t0.png;1.00097;0
8; 9; 13; dataset\t0.png;1.00088;0
8; 9; 14; dataset\t0.png;1.0011;0
8; 9; 15; dataset\t0.png;1.00157;0
8; 10; 2; dataset\t0.png;1.00011;0
8; 10; 3; dataset\t0.png;1.00015;0
8; 10; 4; dataset\t0.png;1.00016;0
8; 10; 5; dataset\t0.png;1.00049;0
8; 10; 6; dataset\t0.png;1.00054;0
8; 10; 7; dataset\t0.png;1.00063;0
8; 10; 8; dataset\t0.png;1.00016;0
8; 10; 9; dataset\t0.png;1.00054;0
8; 10; 10; dataset\t0.png;1.00083;0
8; 10; 11; dataset\t0.png;1.00109;0
8; 10; 12; dataset\t0.png;1.00102;0
8; 10; 13; dataset\t0.png;1.00095;0
8; 10; 14; dataset\t0.png;1.00116;0
8; 10; 15; dataset\t0.png;1.00162;0
8; 11; 2; dataset\t0.png;0.999882;0
8; 11; 3; dataset\t0.png;0.999969;0
8; 11; 4; dataset\t0.png;0.999979;0
8; 11; 5; dataset\t0.png;1.00031;0
8; 11; 6; dataset\t0.png;1.00031;0
8; 11; 7; dataset\t0.png;1.00041;0
8; 11; 8; dataset\t0.png;0.999955;0
8; 11; 9; dataset\t0.png;1.00033;0
8; 11; 10; dataset\t0.png;1.00059;0
8; 11; 11; dataset\t0.png;1.00084;0
8; 11; 12; dataset\t0.png;1.0008;0
8; 11; 13; dataset\t0.png;1.0007;0
8; 11; 14; dataset\t0.png;1.0009;0
8; 11; 15; dataset\t0.png;1.00136;0
8; 12; 2; dataset\t0.png;0.999761;0
8; 12; 3; dataset\t0.png;0.999872;0
8; 12; 4; dataset\t0.png;0.999824;0
8; 12; 5; dataset\t0.png;1.00014;0
8; 12; 6; dataset\t0.png;1.00021;0
8; 12; 7; dataset\t0.png;1.0003;0
8; 12; 8; dataset\t0.png;0.999861;0
8; 12; 9; dataset\t0.png;1.00021;0
8; 12; 10; dataset\t0.png;1.00048;0
8; 12; 11; dataset\t0.png;1.00075;0
8; 12; 12; dataset\t0.png;1.00072;0
8; 12; 13; dataset\t0.png;1.00059;0
8; 12; 14; dataset\t0.png;1.00083;0
8; 12; 15; dataset\t0.png;1.00117;0
8; 13; 2; dataset\t0.png;1.00008;0
8; 13; 3; dataset\t0.png;1.00015;0
8; 13; 4; dataset\t0.png;1.00012;0
8; 13; 5; dataset\t0.png;1.0004;0
8; 13; 6; dataset\t0.png;1.00049;0
8; 13; 7; dataset\t0.png;1.00057;0
8; 13; 8; dataset\t0.png;1.00011;0
8; 13; 9; dataset\t0.png;1.0005;0
8; 13; 10; dataset\t0.png;1.00078;0
8; 13; 11; dataset\t0.png;1.00102;0
8; 13; 12; dataset\t0.png;1.00101;0
8; 13; 13; dataset\t0.png;1.00091;0
8; 13; 14; dataset\t0.png;1.00104;0
8; 13; 15; dataset\t0.png;1.00148;0
8; 14; 2; dataset\t0.png;1.00007;0
8; 14; 3; dataset\t0.png;1.00016;0
8; 14; 4; dataset\t0.png;1.00017;0
8; 14; 5; dataset\t0.png;1.00041;0
8; 14; 6; dataset\t0.png;1.00055;0
8; 14; 7; dataset\t0.png;1.00063;0
8; 14; 8; dataset\t0.png;1.00015;0
8; 14; 9; dataset\t0.png;1.00054;0
8; 14; 10; dataset\t0.png;1.00075;0
8; 14; 11; dataset\t0.png;1.001;0
8; 14; 12; dataset\t0.png;1.00094;0
8; 14; 13; dataset\t0.png;1.00086;0
8; 14; 14; dataset\t0.png;1.00105;0
8; 14; 15; dataset\t0.png;1.0015;0
8; 15; 2; dataset\t0.png;0.99999;0
8; 15; 3; dataset\t0.png;1.00002;0
8; 15; 4; dataset\t0.png;1.00004;0
8; 15; 5; dataset\t0.png;1.00031;0
8; 15; 6; dataset\t0.png;1.0004;0
8; 15; 7; dataset\t0.png;1.00043;0
8; 15; 8; dataset\t0.png;0.999952;0
8; 15; 9; dataset\t0.png;1.0004;0
8; 15; 10; dataset\t0.png;1.00061;0
8; 15; 11; dataset\t0.png;1.00081;0
8; 15; 12; dataset\t0.png;1.00075;0
8; 15; 13; dataset\t0.png;1.0007;0
8; 15; 14; dataset\t0.png;1.00087;0
8; 15; 15; dataset\t0.png;1.00137;0
9; 2; 2; dataset\t0.png;0.999486;0
9; 2; 3; dataset\t0.png;0.999182;0
9; 2; 4; dataset\t0.png;0.999533;0
9; 2; 5; dataset\t0.png;0.999697;0
9; 2; 6; dataset\t0.png;0.999846;0
9; 2; 7; dataset\t0.png;0.999785;0
9; 2; 8; dataset\t0.png;0.999684;0
9; 2; 9; dataset\t0.png;1.00002;0
9; 2; 10; dataset\t0.png;1.00027;0
9; 2; 11; dataset\t0.png;1.00093;0
9; 2; 12; dataset\t0.png;1.00092;0
9; 2; 13; dataset\t0.png;1.00059;0
9; 2; 14; dataset\t0.png;1.00068;0
9; 2; 15; dataset\t0.png;1.0014;0
9; 3; 2; dataset\t0.png;0.999487;0
9; 3; 3; dataset\t0.png;0.99925;0
9; 3; 4; dataset\t0.png;0.999617;0
9; 3; 5; dataset\t0.png;0.999726;0
9; 3; 6; dataset\t0.png;0.999899;0
9; 3; 7; dataset\t0.png;0.999861;0
9; 3; 8; dataset\t0.png;0.999799;0
9; 3; 9; dataset\t0.png;1.00008;0
9; 3; 10; dataset\t0.png;1.0003;0
9; 3; 11; dataset\t0.png;1.00098;0
9; 3; 12; dataset\t0.png;1.00097;0
9; 3; 13; dataset\t0.png;1.00069;0
9; 3; 14; dataset\t0.png;1.00077;0
9; 3; 15; dataset\t0.png;1.00148;0
9; 4; 2; dataset\t0.png;0.999814;0
9; 4; 3; dataset\t0.png;0.999541;0
9; 4; 4; dataset\t0.png;0.999903;0
9; 4; 5; dataset\t0.png;1.00002;0
9; 4; 6; dataset\t0.png;1.00021;0
9; 4; 7; dataset\t0.png;1.00016;0
9; 4; 8; dataset\t0.png;1.0001;0
9; 4; 9; dataset\t0.png;1.00039;0
9; 4; 10; dataset\t0.png;1.00062;0
9; 4; 11; dataset\t0.png;1.0013;0
9; 4; 12; dataset\t0.png;1.00125;0
9; 4; 13; dataset\t0.png;1.00104;0
9; 4; 14; dataset\t0.png;1.00107;0
9; 4; 15; dataset\t0.png;1.0018;0
9; 5; 2; dataset\t0.png;1.00006;0
9; 5; 3; dataset\t0.png;0.999711;0
9; 5; 4; dataset\t0.png;1.0001;0
9; 5; 5; dataset\t0.png;1.00021;0
9; 5; 6; dataset\t0.png;1.00032;0
9; 5; 7; dataset\t0.png;1.00035;0
9; 5; 8; dataset\t0.png;1.00025;0
9; 5; 9; dataset\t0.png;1.00056;0
9; 5; 10; dataset\t0.png;1.00083;0
9; 5; 11; dataset\t0.png;1.00155;0
9; 5; 12; dataset\t0.png;1.00154;0
9; 5; 13; dataset\t0.png;1.00125;0
9; 5; 14; dataset\t0.png;1.00129;0
9; 5; 15; dataset\t0.png;1.00208;0
9; 6; 2; dataset\t0.png;0.999991;0
9; 6; 3; dataset\t0.png;0.999744;0
9; 6; 4; dataset\t0.png;1.00009;0
9; 6; 5; dataset\t0.png;1.00016;0
9; 6; 6; dataset\t0.png;1.00033;0
9; 6; 7; dataset\t0.png;1.00035;0
9; 6; 8; dataset\t0.png;1.00031;0
9; 6; 9; dataset\t0.png;1.00053;0
9; 6; 10; dataset\t0.png;1.00082;0
9; 6; 11; dataset\t0.png;1.00156;0
9; 6; 12; dataset\t0.png;1.0015;0
9; 6; 13; dataset\t0.png;1.00121;0
9; 6; 14; dataset\t0.png;1.00131;0
9; 6; 15; dataset\t0.png;1.00203;0
9; 7; 2; dataset\t0.png;1.00012;0
9; 7; 3; dataset\t0.png;0.999918;0
9; 7; 4; dataset\t0.png;1.00032;0
9; 7; 5; dataset\t0.png;1.00042;0
9; 7; 6; dataset\t0.png;1.00058;0
9; 7; 7; dataset\t0.png;1.00056;0
9; 7; 8; dataset\t0.png;1.00048;0
9; 7; 9; dataset\t0.png;1.00079;0
9; 7; 10; dataset\t0.png;1.00106;0
9; 7; 11; dataset\t0.png;1.00176;0
9; 7; 12; dataset\t0.png;1.00169;0
9; 7; 13; dataset\t0.png;1.00139;0
9; 7; 14; dataset\t0.png;1.00146;0
9; 7; 15; dataset\t0.png;1.00219;0
9; 8; 2; dataset\t0.png;1.00019;0
9; 8; 3; dataset\t0.png;1.00002;0
9; 8; 4; dataset\t0.png;1.00043;0
9; 8; 5; dataset\t0.png;1.00052;0
9; 8; 6; dataset\t0.png;1.00071;0
9; 8; 7; dataset\t0.png;1.00063;0
9; 8; 8; dataset\t0.png;1.00056;0
9; 8; 9; dataset\t0.png;1.00083;0
9; 8; 10; dataset\t0.png;1.00112;0
9; 8; 11; dataset\t0.png;1.00177;0
9; 8; 12; dataset\t0.png;1.00171;0
9; 8; 13; dataset\t0.png;1.00143;0
9; 8; 14; dataset\t0.png;1.00148;0
9; 8; 15; dataset\t0.png;1.0023;0
9; 9; 2; dataset\t0.png;1.00009;0
9; 9; 3; dataset\t0.png;0.999908;0
9; 9; 4; dataset\t0.png;1.0003;0
9; 9; 5; dataset\t0.png;1.0004;0
9; 9; 6; dataset\t0.png;1.00051;0
9; 9; 7; dataset\t0.png;1.00042;0
9; 9; 8; dataset\t0.png;1.00039;0
9; 9; 9; dataset\t0.png;1.00066;0
9; 9; 10; dataset\t0.png;1.00093;0
9; 9; 11; dataset\t0.png;1.00154;0
9; 9; 12; dataset\t0.png;1.00152;0
9; 9; 13; dataset\t0.png;1.00123;0
9; 9; 14; dataset\t0.png;1.00131;0
9; 9; 15; dataset\t0.png;1.00202;0
9; 10; 2; dataset\t0.png;1.00005;0
9; 10; 3; dataset\t0.png;0.999877;0
9; 10; 4; dataset\t0.png;1.00026;0
9; 10; 5; dataset\t0.png;1.00033;0
9; 10; 6; dataset\t0.png;1.00052;0
9; 10; 7; dataset\t0.png;1.00042;0
9; 10; 8; dataset\t0.png;1.00038;0
9; 10; 9; dataset\t0.png;1.00061;0
9; 10; 10; dataset\t0.png;1.00087;0
9; 10; 11; dataset\t0.png;1.00159;0
9; 10; 12; dataset\t0.png;1.00155;0
9; 10; 13; dataset\t0.png;1.00128;0
9; 10; 14; dataset\t0.png;1.00129;0
9; 10; 15; dataset\t0.png;1.00206;0
9; 11; 2; dataset\t0.png;0.999701;0
9; 11; 3; dataset\t0.png;0.999511;0
9; 11; 4; dataset\t0.png;0.999935;0
9; 11; 5; dataset\t0.png;1.00004;0
9; 11; 6; dataset\t0.png;1.00013;0
9; 11; 7; dataset\t0.png;1.00007;0
9; 11; 8; dataset\t0.png;1.00008;0
9; 11; 9; dataset\t0.png;1.00033;0
9; 11; 10; dataset\t0.png;1.00058;0
9; 11; 11; dataset\t0.png;1.00129;0
9; 11; 12; dataset\t0.png;1.00126;0
9; 11; 13; dataset\t0.png;1.00098;0
9; 11; 14; dataset\t0.png;1.00103;0
9; 11; 15; dataset\t0.png;1.00175;0
9; 12; 2; dataset\t0.png;0.999521;0
9; 12; 3; dataset\t0.png;0.999331;0
9; 12; 4; dataset\t0.png;0.999773;0
9; 12; 5; dataset\t0.png;0.999838;0
9; 12; 6; dataset\t0.png;0.999984;0
9; 12; 7; dataset\t0.png;0.999883;0
9; 12; 8; dataset\t0.png;0.999863;0
9; 12; 9; dataset\t0.png;1.00018;0
9; 12; 10; dataset\t0.png;1.00045;0
9; 12; 11; dataset\t0.png;1.00116;0
9; 12; 12; dataset\t0.png;1.0011;0
9; 12; 13; dataset\t0.png;1.00084;0
9; 12; 14; dataset\t0.png;1.00083;0
9; 12; 15; dataset\t0.png;1.00159;0
9; 13; 2; dataset\t0.png;0.999903;0
9; 13; 3; dataset\t0.png;0.999768;0
9; 13; 4; dataset\t0.png;1.00012;0
9; 13; 5; dataset\t0.png;1.0002;0
9; 13; 6; dataset\t0.png;1.00035;0
9; 13; 7; dataset\t0.png;1.00029;0
9; 13; 8; dataset\t0.png;1.00029;0
9; 13; 9; dataset\t0.png;1.00057;0
9; 13; 10; dataset\t0.png;1.00082;0
9; 13; 11; dataset\t0.png;1.00154;0
9; 13; 12; dataset\t0.png;1.00149;0
9; 13; 13; dataset\t0.png;1.00121;0
9; 13; 14; dataset\t0.png;1.00123;0
9; 13; 15; dataset\t0.png;1.002;0
9; 14; 2; dataset\t0.png;1.00009;0
9; 14; 3; dataset\t0.png;0.999906;0
9; 14; 4; dataset\t0.png;1.00028;0
9; 14; 5; dataset\t0.png;1.00033;0
9; 14; 6; dataset\t0.png;1.00051;0
9; 14; 7; dataset\t0.png;1.00045;0
9; 14; 8; dataset\t0.png;1.00041;0
9; 14; 9; dataset\t0.png;1.00073;0
9; 14; 10; dataset\t0.png;1.00095;0
9; 14; 11; dataset\t0.png;1.00164;0
9; 14; 12; dataset\t0.png;1.00161;0
9; 14; 13; dataset\t0.png;1.00129;0
9; 14; 14; dataset\t0.png;1.00135;0
9; 14; 15; dataset\t0.png;1.0021;0
9; 15; 2; dataset\t0.png;1.00018;0
9; 15; 3; dataset\t0.png;0.999981;0
9; 15; 4; dataset\t0.png;1.00038;0
9; 15; 5; dataset\t0.png;1.00042;0
9; 15; 6; dataset\t0.png;1.00063;0
9; 15; 7; dataset\t0.png;1.0005;0
9; 15; 8; dataset\t0.png;1.00047;0
9; 15; 9; dataset\t0.png;1.00076;0
9; 15; 10; dataset\t0.png;1.00102;0
9; 15; 11; dataset\t0.png;1.00169;0
9; 15; 12; dataset\t0.png;1.00159;0
9; 15; 13; dataset\t0.png;1.0013;0
9; 15; 14; dataset\t0.png;1.00134;0
9; 15; 15; dataset\t0.png;1.00212;0
10; 2; 2; dataset\t0.png;0.999647;0
10; 2; 3; dataset\t0.png;0.999222;0
10; 2; 4; dataset\t0.png;0.999512;0
10; 2; 5; dataset\t0.png;0.999812;0
10; 2; 6; dataset\t0.png;0.99963;0
10; 2; 7; dataset\t0.png;0.999982;0
10; 2; 8; dataset\t0.png;0.999536;0
10; 2; 9; dataset\t0.png;0.999846;0
10; 2; 10; dataset\t0.png;1.00028;0
10; 2; 11; dataset\t0.png;1.00062;0
10; 2; 12; dataset\t0.png;1.00077;0
10; 2; 13; dataset\t0.png;1.00062;0
10; 2; 14; dataset\t0.png;1.00077;0
10; 2; 15; dataset\t0.png;1.00121;0
10; 3; 2; dataset\t0.png;0.999555;0
10; 3; 3; dataset\t0.png;0.999144;0
10; 3; 4; dataset\t0.png;0.999435;0
10; 3; 5; dataset\t0.png;0.999757;0
10; 3; 6; dataset\t0.png;0.999536;0
10; 3; 7; dataset\t0.png;0.99987;0
10; 3; 8; dataset\t0.png;0.999467;0
10; 3; 9; dataset\t0.png;0.999761;0
10; 3; 10; dataset\t0.png;1.00015;0
10; 3; 11; dataset\t0.png;1.00052;0
10; 3; 12; dataset\t0.png;1.00073;0
10; 3; 13; dataset\t0.png;1.00051;0
10; 3; 14; dataset\t0.png;1.00073;0
10; 3; 15; dataset\t0.png;1.00113;0
10; 4; 2; dataset\t0.png;0.999519;0
10; 4; 3; dataset\t0.png;0.999056;0
10; 4; 4; dataset\t0.png;0.999373;0
10; 4; 5; dataset\t0.png;0.999688;0
10; 4; 6; dataset\t0.png;0.999471;0
10; 4; 7; dataset\t0.png;0.999803;0
10; 4; 8; dataset\t0.png;0.999405;0
10; 4; 9; dataset\t0.png;0.999714;0
10; 4; 10; dataset\t0.png;1.0001;0
10; 4; 11; dataset\t0.png;1.00048;0
10; 4; 12; dataset\t0.png;1.00062;0
10; 4; 13; dataset\t0.png;1.00051;0
10; 4; 14; dataset\t0.png;1.00072;0
10; 4; 15; dataset\t0.png;1.00113;0
10; 5; 2; dataset\t0.png;1.0001;0
10; 5; 3; dataset\t0.png;0.99967;0
10; 5; 4; dataset\t0.png;1.00001;0
10; 5; 5; dataset\t0.png;1.0003;0
10; 5; 6; dataset\t0.png;1.00008;0
10; 5; 7; dataset\t0.png;1.00041;0
10; 5; 8; dataset\t0.png;0.999993;0
10; 5; 9; dataset\t0.png;1.00034;0
10; 5; 10; dataset\t0.png;1.00074;0
10; 5; 11; dataset\t0.png;1.00114;0
10; 5; 12; dataset\t0.png;1.00129;0
10; 5; 13; dataset\t0.png;1.00113;0
10; 5; 14; dataset\t0.png;1.00131;0
10; 5; 15; dataset\t0.png;1.0017;0
10; 6; 2; dataset\t0.png;1.00018;0
10; 6; 3; dataset\t0.png;0.99975;0
10; 6; 4; dataset\t0.png;1.00008;0
10; 6; 5; dataset\t0.png;1.00036;0
10; 6; 6; dataset\t0.png;1.00016;0
10; 6; 7; dataset\t0.png;1.0005;0
10; 6; 8; dataset\t0.png;1.00008;0
10; 6; 9; dataset\t0.png;1.00035;0
10; 6; 10; dataset\t0.png;1.00074;0
10; 6; 11; dataset\t0.png;1.00114;0
10; 6; 12; dataset\t0.png;1.00133;0
10; 6; 13; dataset\t0.png;1.00118;0
10; 6; 14; dataset\t0.png;1.00137;0
10; 6; 15; dataset\t0.png;1.00179;0
10; 7; 2; dataset\t0.png;1.00034;0
10; 7; 3; dataset\t0.png;0.999983;0
10; 7; 4; dataset\t0.png;1.00031;0
10; 7; 5; dataset\t0.png;1.00062;0
10; 7; 6; dataset\t0.png;1.00044;0
10; 7; 7; dataset\t0.png;1.00071;0
10; 7; 8; dataset\t0.png;1.00029;0
10; 7; 9; dataset\t0.png;1.00062;0
10; 7; 10; dataset\t0.png;1.00102;0
10; 7; 11; dataset\t0.png;1.00139;0
10; 7; 12; dataset\t0.png;1.00159;0
10; 7; 13; dataset\t0.png;1.00142;0
10; 7; 14; dataset\t0.png;1.0016;0
10; 7; 15; dataset\t0.png;1.00198;0
10; 8; 2; dataset\t0.png;0.999986;0
10; 8; 3; dataset\t0.png;0.999654;0
10; 8; 4; dataset\t0.png;0.99992;0
10; 8; 5; dataset\t0.png;1.0002;0
10; 8; 6; dataset\t0.png;1.00002;0
10; 8; 7; dataset\t0.png;1.00033;0
10; 8; 8; dataset\t0.png;0.999876;0
10; 8; 9; dataset\t0.png;1.00017;0
10; 8; 10; dataset\t0.png;1.0006;0
10; 8; 11; dataset\t0.png;1.00094;0
10; 8; 12; dataset\t0.png;1.00112;0
10; 8; 13; dataset\t0.png;1.00095;0
10; 8; 14; dataset\t0.png;1.0012;0
10; 8; 15; dataset\t0.png;1.0016;0
10; 9; 2; dataset\t0.png;1.00018;0
10; 9; 3; dataset\t0.png;0.999837;0
10; 9; 4; dataset\t0.png;1.00015;0
10; 9; 5; dataset\t0.png;1.00039;0
10; 9; 6; dataset\t0.png;1.00021;0
10; 9; 7; dataset\t0.png;1.00054;0
10; 9; 8; dataset\t0.png;1.00009;0
10; 9; 9; dataset\t0.png;1.00041;0
10; 9; 10; dataset\t0.png;1.00077;0
10; 9; 11; dataset\t0.png;1.00111;0
10; 9; 12; dataset\t0.png;1.00128;0
10; 9; 13; dataset\t0.png;1.00111;0
10; 9; 14; dataset\t0.png;1.00134;0
10; 9; 15; dataset\t0.png;1.00172;0
10; 10; 2; dataset\t0.png;0.999764;0
10; 10; 3; dataset\t0.png;0.999438;0
10; 10; 4; dataset\t0.png;0.999697;0
10; 10; 5; dataset\t0.png;0.999986;0
10; 10; 6; dataset\t0.png;0.999804;0
10; 10; 7; dataset\t0.png;1.00007;0
10; 10; 8; dataset\t0.png;0.999637;0
10; 10; 9; dataset\t0.png;0.999958;0
10; 10; 10; dataset\t0.png;1.00034;0
10; 10; 11; dataset\t0.png;1.00077;0
10; 10; 12; dataset\t0.png;1.00091;0
10; 10; 13; dataset\t0.png;1.0007;0
10; 10; 14; dataset\t0.png;1.00093;0
10; 10; 15; dataset\t0.png;1.00131;0
10; 11; 2; dataset\t0.png;0.99984;0
10; 11; 3; dataset\t0.png;0.999479;0
10; 11; 4; dataset\t0.png;0.999792;0
10; 11; 5; dataset\t0.png;1.00008;0
10; 11; 6; dataset\t0.png;0.9999;0
10; 11; 7; dataset\t0.png;1.00013;0
10; 11; 8; dataset\t0.png;0.999752;0
10; 11; 9; dataset\t0.png;1.00008;0
10; 11; 10; dataset\t0.png;1.0005;0
10; 11; 11; dataset\t0.png;1.00086;0
10; 11; 12; dataset\t0.png;1.00099;0
10; 11; 13; dataset\t0.png;1.00082;0
10; 11; 14; dataset\t0.png;1.00105;0
10; 11; 15; dataset\t0.png;1.00144;0
10; 12; 2; dataset\t0.png;0.999972;0
10; 12; 3; dataset\t0.png;0.999655;0
10; 12; 4; dataset\t0.png;0.999965;0
10; 12; 5; dataset\t0.png;1.00026;0
10; 12; 6; dataset\t0.png;1.00006;0
10; 12; 7; dataset\t0.png;1.0003;0
10; 12; 8; dataset\t0.png;0.999937;0
10; 12; 9; dataset\t0.png;1.00028;0
10; 12; 10; dataset\t0.png;1.00067;0
10; 12; 11; dataset\t0.png;1.00103;0
10; 12; 12; dataset\t0.png;1.00123;0
10; 12; 13; dataset\t0.png;1.00101;0
10; 12; 14; dataset\t0.png;1.00123;0
10; 12; 15; dataset\t0.png;1.0016;0
10; 13; 2; dataset\t0.png;1.00007;0
10; 13; 3; dataset\t0.png;0.999774;0
10; 13; 4; dataset\t0.png;1.00007;0
10; 13; 5; dataset\t0.png;1.00037;0
10; 13; 6; dataset\t0.png;1.00019;0
10; 13; 7; dataset\t0.png;1.00045;0
10; 13; 8; dataset\t0.png;1.00008;0
10; 13; 9; dataset\t0.png;1.00043;0
10; 13; 10; dataset\t0.png;1.00078;0
10; 13; 11; dataset\t0.png;1.00118;0
10; 13; 12; dataset\t0.png;1.00131;0
10; 13; 13; dataset\t0.png;1.00115;0
10; 13; 14; dataset\t0.png;1.00133;0
10; 13; 15; dataset\t0.png;1.00171;0
10; 14; 2; dataset\t0.png;1.00032;0
10; 14; 3; dataset\t0.png;0.99995;0
10; 14; 4; dataset\t0.png;1.00025;0
10; 14; 5; dataset\t0.png;1.00053;0
10; 14; 6; dataset\t0.png;1.00038;0
10; 14; 7; dataset\t0.png;1.00065;0
10; 14; 8; dataset\t0.png;1.00022;0
10; 14; 9; dataset\t0.png;1.00058;0
10; 14; 10; dataset\t0.png;1.00095;0
10; 14; 11; dataset\t0.png;1.00133;0
10; 14; 12; dataset\t0.png;1.00146;0
10; 14; 13; dataset\t0.png;1.00128;0
10; 14; 14; dataset\t0.png;1.00147;0
10; 14; 15; dataset\t0.png;1.00182;0
10; 15; 2; dataset\t0.png;0.999924;0
10; 15; 3; dataset\t0.png;0.999605;0
10; 15; 4; dataset\t0.png;0.999845;0
10; 15; 5; dataset\t0.png;1.00015;0
10; 15; 6; dataset\t0.png;0.99996;0
10; 15; 7; dataset\t0.png;1.00023;0
10; 15; 8; dataset\t0.png;0.999862;0
10; 15; 9; dataset\t0.png;1.00017;0
10; 15; 10; dataset\t0.png;1.00055;0
10; 15; 11; dataset\t0.png;1.0009;0
10; 15; 12; dataset\t0.png;1.00103;0
10; 15; 13; dataset\t0.png;1.00078;0
10; 15; 14; dataset\t0.png;1.00098;0
10; 15; 15; dataset\t0.png;1.00134;0
11; 2; 2; dataset\t0.png;0.999581;0
11; 2; 3; dataset\t0.png;0.99943;0
11; 2; 4; dataset\t0.png;0.999466;0
11; 2; 5; dataset\t0.png;0.999835;0
11; 2; 6; dataset\t0.png;0.999939;0
11; 2; 7; dataset\t0.png;1.00015;0
11; 2; 8; dataset\t0.png;0.999565;0
11; 2; 9; dataset\t0.png;1.00005;0
11; 2; 10; dataset\t0.png;1.00042;0
11; 2; 11; dataset\t0.png;1.00067;0
11; 2; 12; dataset\t0.png;1.00074;0
11; 2; 13; dataset\t0.png;1.00063;0
11; 2; 14; dataset\t0.png;1.0007;0
11; 2; 15; dataset\t0.png;1.00138;0
11; 3; 2; dataset\t0.png;0.999556;0
11; 3; 3; dataset\t0.png;0.99936;0
11; 3; 4; dataset\t0.png;0.999456;0
11; 3; 5; dataset\t0.png;0.999795;0
11; 3; 6; dataset\t0.png;0.999907;0
11; 3; 7; dataset\t0.png;1.00007;0
11; 3; 8; dataset\t0.png;0.999512;0
11; 3; 9; dataset\t0.png;1.00002;0
11; 3; 10; dataset\t0.png;1.00034;0
11; 3; 11; dataset\t0.png;1.0006;0
11; 3; 12; dataset\t0.png;1.0007;0
11; 3; 13; dataset\t0.png;1.0006;0
11; 3; 14; dataset\t0.png;1.00076;0
11; 3; 15; dataset\t0.png;1.00135;0
11; 4; 2; dataset\t0.png;0.999476;0
11; 4; 3; dataset\t0.png;0.999408;0
11; 4; 4; dataset\t0.png;0.999425;0
11; 4; 5; dataset\t0.png;0.9997;0
11; 4; 6; dataset\t0.png;0.999866;0
11; 4; 7; dataset\t0.png;1.00007;0
11; 4; 8; dataset\t0.png;0.999588;0
11; 4; 9; dataset\t0.png;0.999991;0
11; 4; 10; dataset\t0.png;1.00034;0
11; 4; 11; dataset\t0.png;1.00064;0
11; 4; 12; dataset\t0.png;1.00073;0
11; 4; 13; dataset\t0.png;1.0006;0
11; 4; 14; dataset\t0.png;1.00075;0
11; 4; 15; dataset\t0.png;1.00137;0
11; 5; 2; dataset\t0.png;0.999472;0
11; 5; 3; dataset\t0.png;0.999319;0
11; 5; 4; dataset\t0.png;0.999355;0
11; 5; 5; dataset\t0.png;0.999675;0
11; 5; 6; dataset\t0.png;0.999803;0
11; 5; 7; dataset\t0.png;1.00005;0
11; 5; 8; dataset\t0.png;0.999507;0
11; 5; 9; dataset\t0.png;0.999952;0
11; 5; 10; dataset\t0.png;1.00027;0
11; 5; 11; dataset\t0.png;1.00058;0
11; 5; 12; dataset\t0.png;1.00068;0
11; 5; 13; dataset\t0.png;1.00052;0
11; 5; 14; dataset\t0.png;1.0007;0
11; 5; 15; dataset\t0.png;1.00132;0
11; 6; 2; dataset\t0.png;0.999808;0
11; 6; 3; dataset\t0.png;0.999619;0
11; 6; 4; dataset\t0.png;0.999705;0
11; 6; 5; dataset\t0.png;1.00001;0
11; 6; 6; dataset\t0.png;1.00012;0
11; 6; 7; dataset\t0.png;1.00033;0
11; 6; 8; dataset\t0.png;0.999802;0
11; 6; 9; dataset\t0.png;1.00023;0
11; 6; 10; dataset\t0.png;1.00065;0
11; 6; 11; dataset\t0.png;1.00094;0
11; 6; 12; dataset\t0.png;1.001;0
11; 6; 13; dataset\t0.png;1.00082;0
11; 6; 14; dataset\t0.png;1.001;0
11; 6; 15; dataset\t0.png;1.00163;0
11; 7; 2; dataset\t0.png;0.999854;0
11; 7; 3; dataset\t0.png;0.999739;0
11; 7; 4; dataset\t0.png;0.999937;0
11; 7; 5; dataset\t0.png;1.0002;0
11; 7; 6; dataset\t0.png;1.00035;0
11; 7; 7; dataset\t0.png;1.00048;0
11; 7; 8; dataset\t0.png;1.00001;0
11; 7; 9; dataset\t0.png;1.00046;0
11; 7; 10; dataset\t0.png;1.00082;0
11; 7; 11; dataset\t0.png;1.00109;0
11; 7; 12; dataset\t0.png;1.00117;0
11; 7; 13; dataset\t0.png;1.00105;0
11; 7; 14; dataset\t0.png;1.00119;0
11; 7; 15; dataset\t0.png;1.0018;0
11; 8; 2; dataset\t0.png;0.999661;0
11; 8; 3; dataset\t0.png;0.999522;0
11; 8; 4; dataset\t0.png;0.999556;0
11; 8; 5; dataset\t0.png;0.999921;0
11; 8; 6; dataset\t0.png;0.999972;0
11; 8; 7; dataset\t0.png;1.00024;0
11; 8; 8; dataset\t0.png;0.999692;0
11; 8; 9; dataset\t0.png;1.00013;0
11; 8; 10; dataset\t0.png;1.00047;0
11; 8; 11; dataset\t0.png;1.00072;0
11; 8; 12; dataset\t0.png;1.00079;0
11; 8; 13; dataset\t0.png;1.00068;0
11; 8; 14; dataset\t0.png;1.00081;0
11; 8; 15; dataset\t0.png;1.00151;0
11; 9; 2; dataset\t0.png;0.999667;0
11; 9; 3; dataset\t0.png;0.999509;0
11; 9; 4; dataset\t0.png;0.99964;0
11; 9; 5; dataset\t0.png;0.999929;0
11; 9; 6; dataset\t0.png;1.00002;0
11; 9; 7; dataset\t0.png;1.00026;0
11; 9; 8; dataset\t0.png;0.999714;0
11; 9; 9; dataset\t0.png;1.00019;0
11; 9; 10; dataset\t0.png;1.00052;0
11; 9; 11; dataset\t0.png;1.00078;0
11; 9; 12; dataset\t0.png;1.00085;0
11; 9; 13; dataset\t0.png;1.00069;0
11; 9; 14; dataset\t0.png;1.00083;0
11; 9; 15; dataset\t0.png;1.00149;0
11; 10; 2; dataset\t0.png;0.999694;0
11; 10; 3; dataset\t0.png;0.9996;0
11; 10; 4; dataset\t0.png;0.999624;0
11; 10; 5; dataset\t0.png;0.999962;0
11; 10; 6; dataset\t0.png;1.00002;0
11; 10; 7; dataset\t0.png;1.00025;0
11; 10; 8; dataset\t0.png;0.999754;0
11; 10; 9; dataset\t0.png;1.00017;0
11; 10; 10; dataset\t0.png;1.0005;0
11; 10; 11; dataset\t0.png;1.00078;0
11; 10; 12; dataset\t0.png;1.00085;0
11; 10; 13; dataset\t0.png;1.00073;0
11; 10; 14; dataset\t0.png;1.00094;0
11; 10; 15; dataset\t0.png;1.00152;0
11; 11; 2; dataset\t0.png;0.999655;0
11; 11; 3; dataset\t0.png;0.999552;0
11; 11; 4; dataset\t0.png;0.999627;0
11; 11; 5; dataset\t0.png;0.999915;0
11; 11; 6; dataset\t0.png;1.00002;0
11; 11; 7; dataset\t0.png;1.00024;0
11; 11; 8; dataset\t0.png;0.999759;0
11; 11; 9; dataset\t0.png;1.00019;0
11; 11; 10; dataset\t0.png;1.00052;0
11; 11; 11; dataset\t0.png;1.00081;0
11; 11; 12; dataset\t0.png;1.00083;0
11; 11; 13; dataset\t0.png;1.00073;0
11; 11; 14; dataset\t0.png;1.00086;0
11; 11; 15; dataset\t0.png;1.00145;0
11; 12; 2; dataset\t0.png;0.999865;0
11; 12; 3; dataset\t0.png;0.999695;0
11; 12; 4; dataset\t0.png;0.999804;0
11; 12; 5; dataset\t0.png;1.00004;0
11; 12; 6; dataset\t0.png;1.00017;0
11; 12; 7; dataset\t0.png;1.00041;0
11; 12; 8; dataset\t0.png;0.999943;0
11; 12; 9; dataset\t0.png;1.00038;0
11; 12; 10; dataset\t0.png;1.00065;0
11; 12; 11; dataset\t0.png;1.00095;0
11; 12; 12; dataset\t0.png;1.00105;0
11; 12; 13; dataset\t0.png;1.00088;0
11; 12; 14; dataset\t0.png;1.00103;0
11; 12; 15; dataset\t0.png;1.0016;0
11; 13; 2; dataset\t0.png;0.999733;0
11; 13; 3; dataset\t0.png;0.999599;0
11; 13; 4; dataset\t0.png;0.999668;0
11; 13; 5; dataset\t0.png;0.99998;0
11; 13; 6; dataset\t0.png;1.00006;0
11; 13; 7; dataset\t0.png;1.00031;0
11; 13; 8; dataset\t0.png;0.999802;0
11; 13; 9; dataset\t0.png;1.00022;0
11; 13; 10; dataset\t0.png;1.0006;0
11; 13; 11; dataset\t0.png;1.00087;0
11; 13; 12; dataset\t0.png;1.00091;0
11; 13; 13; dataset\t0.png;1.00075;0
11; 13; 14; dataset\t0.png;1.00088;0
11; 13; 15; dataset\t0.png;1.00147;0
11; 14; 2; dataset\t0.png;0.999815;0
11; 14; 3; dataset\t0.png;0.999632;0
11; 14; 4; dataset\t0.png;0.999723;0
11; 14; 5; dataset\t0.png;1.00003;0
11; 14; 6; dataset\t0.png;1.00014;0
11; 14; 7; dataset\t0.png;1.00036;0
11; 14; 8; dataset\t0.png;0.999873;0
11; 14; 9; dataset\t0.png;1.00024;0
11; 14; 10; dataset\t0.png;1.00059;0
11; 14; 11; dataset\t0.png;1.0009;0
11; 14; 12; dataset\t0.png;1.00092;0
11; 14; 13; dataset\t0.png;1.00077;0
11; 14; 14; dataset\t0.png;1.00091;0
11; 14; 15; dataset\t0.png;1.00151;0
11; 15; 2; dataset\t0.png;0.999385;0
11; 15; 3; dataset\t0.png;0.999281;0
11; 15; 4; dataset\t0.png;0.999333;0
11; 15; 5; dataset\t0.png;0.999622;0
11; 15; 6; dataset\t0.png;0.999757;0
11; 15; 7; dataset\t0.png;0.999956;0
11; 15; 8; dataset\t0.png;0.999423;0
11; 15; 9; dataset\t0.png;0.999841;0
11; 15; 10; dataset\t0.png;1.00016;0
11; 15; 11; dataset\t0.png;1.00049;0
11; 15; 12; dataset\t0.png;1.00046;0
11; 15; 13; dataset\t0.png;1.00033;0
11; 15; 14; dataset\t0.png;1.00049;0
11; 15; 15; dataset\t0.png;1.00105;0
12; 2; 2; dataset\t0.png;0.999667;0
12; 2; 3; dataset\t0.png;0.999454;0
12; 2; 4; dataset\t0.png;0.999884;0
12; 2; 5; dataset\t0.png;0.999987;0
12; 2; 6; dataset\t0.png;0.999954;0
12; 2; 7; dataset\t0.png;1.00023;0
12; 2; 8; dataset\t0.png;0.9999;0
12; 2; 9; dataset\t0.png;1.00021;0
12; 2; 10; dataset\t0.png;1.0005;0
12; 2; 11; dataset\t0.png;1.00092;0
12; 2; 12; dataset\t0.png;1.00094;0
12; 2; 13; dataset\t0.png;1.00082;0
12; 2; 14; dataset\t0.png;1.00096;0
12; 2; 15; dataset\t0.png;1.00125;0
12; 3; 2; dataset\t0.png;0.99988;0
12; 3; 3; dataset\t0.png;0.999627;0
12; 3; 4; dataset\t0.png;1.00005;0
12; 3; 5; dataset\t0.png;1.00014;0
12; 3; 6; dataset\t0.png;1.00016;0
12; 3; 7; dataset\t0.png;1.00042;0
12; 3; 8; dataset\t0.png;1.00004;0
12; 3; 9; dataset\t0.png;1.00043;0
12; 3; 10; dataset\t0.png;1.00073;0
12; 3; 11; dataset\t0.png;1.00113;0
12; 3; 12; dataset\t0.png;1.00111;0
12; 3; 13; dataset\t0.png;1.00096;0
12; 3; 14; dataset\t0.png;1.00117;0
12; 3; 15; dataset\t0.png;1.00142;0
12; 4; 2; dataset\t0.png;0.999746;0
12; 4; 3; dataset\t0.png;0.999534;0
12; 4; 4; dataset\t0.png;0.999969;0
12; 4; 5; dataset\t0.png;0.999991;0
12; 4; 6; dataset\t0.png;1.00002;0
12; 4; 7; dataset\t0.png;1.00027;0
12; 4; 8; dataset\t0.png;0.999916;0
12; 4; 9; dataset\t0.png;1.00033;0
12; 4; 10; dataset\t0.png;1.00054;0
12; 4; 11; dataset\t0.png;1.00102;0
12; 4; 12; dataset\t0.png;1.00104;0
12; 4; 13; dataset\t0.png;1.00091;0
12; 4; 14; dataset\t0.png;1.00117;0
12; 4; 15; dataset\t0.png;1.00139;0
12; 5; 2; dataset\t0.png;0.999469;0
12; 5; 3; dataset\t0.png;0.999226;0
12; 5; 4; dataset\t0.png;0.999685;0
12; 5; 5; dataset\t0.png;0.999696;0
12; 5; 6; dataset\t0.png;0.999757;0
12; 5; 7; dataset\t0.png;0.999996;0
12; 5; 8; dataset\t0.png;0.999645;0
12; 5; 9; dataset\t0.png;1.00002;0
12; 5; 10; dataset\t0.png;1.00027;0
12; 5; 11; dataset\t0.png;1.00073;0
12; 5; 12; dataset\t0.png;1.00068;0
12; 5; 13; dataset\t0.png;1.00058;0
12; 5; 14; dataset\t0.png;1.00088;0
12; 5; 15; dataset\t0.png;1.00111;0
12; 6; 2; dataset\t0.png;0.999511;0
12; 6; 3; dataset\t0.png;0.99935;0
12; 6; 4; dataset\t0.png;0.999782;0
12; 6; 5; dataset\t0.png;0.999821;0
12; 6; 6; dataset\t0.png;0.999862;0
12; 6; 7; dataset\t0.png;1.00014;0
12; 6; 8; dataset\t0.png;0.99974;0
12; 6; 9; dataset\t0.png;1.00012;0
12; 6; 10; dataset\t0.png;1.00038;0
12; 6; 11; dataset\t0.png;1.00082;0
12; 6; 12; dataset\t0.png;1.00083;0
12; 6; 13; dataset\t0.png;1.00071;0
12; 6; 14; dataset\t0.png;1.00098;0
12; 6; 15; dataset\t0.png;1.00117;0
12; 7; 2; dataset\t0.png;0.999807;0
12; 7; 3; dataset\t0.png;0.999692;0
12; 7; 4; dataset\t0.png;1.00015;0
12; 7; 5; dataset\t0.png;1.00017;0
12; 7; 6; dataset\t0.png;1.0002;0
12; 7; 7; dataset\t0.png;1.00045;0
12; 7; 8; dataset\t0.png;1.00007;0
12; 7; 9; dataset\t0.png;1.00049;0
12; 7; 10; dataset\t0.png;1.00073;0
12; 7; 11; dataset\t0.png;1.00115;0
12; 7; 12; dataset\t0.png;1.00114;0
12; 7; 13; dataset\t0.png;1.00102;0
12; 7; 14; dataset\t0.png;1.00125;0
12; 7; 15; dataset\t0.png;1.00149;0
12; 8; 2; dataset\t0.png;0.999754;0
12; 8; 3; dataset\t0.png;0.999622;0
12; 8; 4; dataset\t0.png;1.00009;0
12; 8; 5; dataset\t0.png;1.00017;0
12; 8; 6; dataset\t0.png;1.00016;0
12; 8; 7; dataset\t0.png;1.00037;0
12; 8; 8; dataset\t0.png;1.00003;0
12; 8; 9; dataset\t0.png;1.0004;0
12; 8; 10; dataset\t0.png;1.00071;0
12; 8; 11; dataset\t0.png;1.0011;0
12; 8; 12; dataset\t0.png;1.00107;0
12; 8; 13; dataset\t0.png;1.00095;0
12; 8; 14; dataset\t0.png;1.00121;0
12; 8; 15; dataset\t0.png;1.00144;0
12; 9; 2; dataset\t0.png;0.999736;0
12; 9; 3; dataset\t0.png;0.999566;0
12; 9; 4; dataset\t0.png;1.00006;0
12; 9; 5; dataset\t0.png;1.0001;0
12; 9; 6; dataset\t0.png;1.00008;0
12; 9; 7; dataset\t0.png;1.00035;0
12; 9; 8; dataset\t0.png;0.999976;0
12; 9; 9; dataset\t0.png;1.00036;0
12; 9; 10; dataset\t0.png;1.00061;0
12; 9; 11; dataset\t0.png;1.00104;0
12; 9; 12; dataset\t0.png;1.00101;0
12; 9; 13; dataset\t0.png;1.00091;0
12; 9; 14; dataset\t0.png;1.00113;0
12; 9; 15; dataset\t0.png;1.00136;0
12; 10; 2; dataset\t0.png;0.999805;0
12; 10; 3; dataset\t0.png;0.999674;0
12; 10; 4; dataset\t0.png;1.00007;0
12; 10; 5; dataset\t0.png;1.00016;0
12; 10; 6; dataset\t0.png;1.00012;0
12; 10; 7; dataset\t0.png;1.0004;0
12; 10; 8; dataset\t0.png;1.00003;0
12; 10; 9; dataset\t0.png;1.00048;0
12; 10; 10; dataset\t0.png;1.00072;0
12; 10; 11; dataset\t0.png;1.00116;0
12; 10; 12; dataset\t0.png;1.00111;0
12; 10; 13; dataset\t0.png;1.00099;0
12; 10; 14; dataset\t0.png;1.00126;0
12; 10; 15; dataset\t0.png;1.00149;0
12; 11; 2; dataset\t0.png;0.999772;0
12; 11; 3; dataset\t0.png;0.999566;0
12; 11; 4; dataset\t0.png;1.00003;0
12; 11; 5; dataset\t0.png;1.00011;0
12; 11; 6; dataset\t0.png;1.00006;0
12; 11; 7; dataset\t0.png;1.00035;0
12; 11; 8; dataset\t0.png;1.00001;0
12; 11; 9; dataset\t0.png;1.0004;0
12; 11; 10; dataset\t0.png;1.00062;0
12; 11; 11; dataset\t0.png;1.00109;0
12; 11; 12; dataset\t0.png;1.00106;0
12; 11; 13; dataset\t0.png;1.00091;0
12; 11; 14; dataset\t0.png;1.00116;0
12; 11; 15; dataset\t0.png;1.00142;0
12; 12; 2; dataset\t0.png;0.999887;0
12; 12; 3; dataset\t0.png;0.999724;0
12; 12; 4; dataset\t0.png;1.00024;0
12; 12; 5; dataset\t0.png;1.00028;0
12; 12; 6; dataset\t0.png;1.00026;0
12; 12; 7; dataset\t0.png;1.00053;0
12; 12; 8; dataset\t0.png;1.00018;0
12; 12; 9; dataset\t0.png;1.00057;0
12; 12; 10; dataset\t0.png;1.00082;0
12; 12; 11; dataset\t0.png;1.00127;0
12; 12; 12; dataset\t0.png;1.00128;0
12; 12; 13; dataset\t0.png;1.00111;0
12; 12; 14; dataset\t0.png;1.00137;0
12; 12; 15; dataset\t0.png;1.00157;0
12; 13; 2; dataset\t0.png;0.99975;0
12; 13; 3; dataset\t0.png;0.999603;0
12; 13; 4; dataset\t0.png;1.00009;0
12; 13; 5; dataset\t0.png;1.00009;0
12; 13; 6; dataset\t0.png;1.00011;0
12; 13; 7; dataset\t0.png;1.00038;0
12; 13; 8; dataset\t0.png;1.00005;0
12; 13; 9; dataset\t0.png;1.00042;0
12; 13; 10; dataset\t0.png;1.00071;0
12; 13; 11; dataset\t0.png;1.00117;0
12; 13; 12; dataset\t0.png;1.00112;0
12; 13; 13; dataset\t0.png;1.00095;0
12; 13; 14; dataset\t0.png;1.00116;0
12; 13; 15; dataset\t0.png;1.00145;0
12; 14; 2; dataset\t0.png;0.999633;0
12; 14; 3; dataset\t0.png;0.999485;0
12; 14; 4; dataset\t0.png;0.999936;0
12; 14; 5; dataset\t0.png;0.999969;0
12; 14; 6; dataset\t0.png;1;0
12; 14; 7; dataset\t0.png;1.00019;0
12; 14; 8; dataset\t0.png;0.999889;0
12; 14; 9; dataset\t0.png;1.00025;0
12; 14; 10; dataset\t0.png;1.00045;0
12; 14; 11; dataset\t0.png;1.00089;0
12; 14; 12; dataset\t0.png;1.00091;0
12; 14; 13; dataset\t0.png;1.00066;0
12; 14; 14; dataset\t0.png;1.00094;0
12; 14; 15; dataset\t0.png;1.00117;0
12; 15; 2; dataset\t0.png;0.999655;0
12; 15; 3; dataset\t0.png;0.99948;0
12; 15; 4; dataset\t0.png;0.999914;0
12; 15; 5; dataset\t0.png;0.999931;0
12; 15; 6; dataset\t0.png;0.999948;0
12; 15; 7; dataset\t0.png;1.00018;0
12; 15; 8; dataset\t0.png;0.99981;0
12; 15; 9; dataset\t0.png;1.00023;0
12; 15; 10; dataset\t0.png;1.00044;0
12; 15; 11; dataset\t0.png;1.00084;0
12; 15; 12; dataset\t0.png;1.00081;0
12; 15; 13; dataset\t0.png;1.00069;0
12; 15; 14; dataset\t0.png;1.00092;0
12; 15; 15; dataset\t0.png;1.00114;0
